DatoCzas,Close,Open,Low,High,Volume
Mar 10 2022 3:00:00 PM,137.575,137.4,137.575,137.4,7.0
Mar 10 2022 3:10:00 PM,137.35,137.35,137.35,137.35,13.0
Mar 10 2022 3:15:00 PM,137.525,137.5,137.525,137.35,73.0
Mar 10 2022 3:20:00 PM,137.525,137.525,137.525,137.525,104.0
Mar 10 2022 3:25:00 PM,137.675,137.575,137.725,137.575,981.0
Mar 10 2022 3:30:00 PM,137.1,137.7,137.7,136.925,9814.0
Mar 10 2022 3:35:00 PM,137.15,137.1,137.275,136.975,7044.0
Mar 10 2022 3:40:00 PM,137.625,137.15,137.725,137.075,7621.0
Mar 10 2022 3:45:00 PM,137.325,137.625,137.675,137.325,4398.0
Mar 10 2022 3:50:00 PM,137.4,137.325,137.475,137.325,2635.0
Mar 10 2022 3:55:00 PM,137.425,137.4,137.625,137.4,4623.0
Mar 10 2022 4:00:00 PM,137.025,137.425,137.425,136.975,6983.0
Mar 10 2022 4:05:00 PM,136.95,137.025,137.15,136.95,3574.0
Mar 10 2022 4:10:00 PM,137.15,136.95,137.175,136.85,4932.0
Mar 10 2022 4:15:00 PM,137.15,137.125,137.225,137.025,3514.0
Mar 10 2022 4:20:00 PM,137.05,137.15,137.15,137.0,2302.0
Mar 10 2022 4:25:00 PM,137.4,137.05,137.425,137.025,3347.0
Mar 10 2022 4:30:00 PM,137.4,137.4,137.425,137.225,2954.0
Mar 10 2022 4:35:00 PM,137.275,137.4,137.4,137.15,2719.0
Mar 10 2022 4:40:00 PM,137.175,137.275,137.275,137.175,2816.0
Mar 10 2022 4:45:00 PM,137.35,137.175,137.45,137.15,4524.0
Mar 10 2022 4:50:00 PM,137.25,137.35,137.4,137.25,3098.0
Mar 10 2022 4:55:00 PM,137.25,137.25,137.3,137.175,2505.0
Mar 10 2022 5:00:00 PM,137.3,137.275,137.325,137.2,2652.0
Mar 10 2022 5:05:00 PM,137.4,137.3,137.5,137.3,5617.0
Mar 10 2022 5:10:00 PM,137.575,137.4,137.65,137.4,10706.0
Mar 10 2022 5:15:00 PM,137.525,137.575,137.625,137.5,4893.0
Mar 10 2022 5:20:00 PM,137.35,137.525,137.525,137.35,4201.0
Mar 10 2022 5:25:00 PM,137.4,137.375,137.5,137.35,2500.0
Mar 10 2022 5:30:00 PM,137.4,137.425,137.425,137.35,2141.0
Mar 10 2022 5:35:00 PM,137.15,137.4,137.45,137.15,3280.0
Mar 10 2022 5:40:00 PM,137.175,137.15,137.225,137.15,2123.0
Mar 10 2022 5:45:00 PM,137.175,137.175,137.25,137.15,1334.0
Mar 10 2022 5:50:00 PM,137.1,137.175,137.175,137.1,1851.0
Mar 10 2022 5:55:00 PM,137.1,137.1,137.25,137.1,2762.0
Mar 10 2022 6:00:00 PM,136.825,137.1,137.1,136.7,5958.0
Mar 10 2022 6:05:00 PM,136.8,136.825,136.875,136.8,1525.0
Mar 10 2022 6:10:00 PM,136.9,136.8,136.925,136.7,2365.0
Mar 10 2022 6:15:00 PM,136.8,136.9,136.925,136.8,2900.0
Mar 10 2022 6:20:00 PM,136.725,136.8,136.875,136.7,4210.0
Mar 10 2022 6:25:00 PM,136.625,136.725,136.8,136.625,2652.0
Mar 10 2022 6:30:00 PM,136.3,136.625,136.625,136.025,7748.0
Mar 10 2022 6:35:00 PM,136.5,136.3,136.525,136.175,5357.0
Mar 10 2022 6:40:00 PM,136.45,136.5,136.6,136.45,3790.0
Mar 10 2022 6:45:00 PM,136.625,136.45,136.675,136.325,2734.0
Mar 10 2022 6:50:00 PM,136.675,136.625,136.75,136.625,5019.0
Mar 10 2022 6:55:00 PM,136.775,136.675,136.825,136.675,4131.0
Mar 10 2022 7:00:00 PM,136.75,136.775,136.9,136.675,3823.0
Mar 10 2022 7:05:00 PM,136.675,136.75,136.775,136.65,2847.0
Mar 10 2022 7:10:00 PM,136.725,136.675,136.775,136.65,2056.0
Mar 10 2022 7:15:00 PM,136.7,136.725,136.775,136.675,2814.0
Mar 10 2022 7:20:00 PM,136.625,136.7,136.7,136.625,1508.0
Mar 10 2022 7:25:00 PM,136.575,136.625,136.625,136.575,1994.0
Mar 10 2022 7:30:00 PM,136.525,136.575,136.575,136.5,5366.0
Mar 10 2022 7:35:00 PM,136.425,136.525,136.6,136.425,3668.0
Mar 10 2022 7:40:00 PM,136.25,136.425,136.5,136.25,5871.0
Mar 10 2022 7:45:00 PM,136.0,136.275,136.3,135.925,13495.0
Mar 10 2022 7:50:00 PM,136.225,135.975,136.275,135.85,7351.0
Mar 10 2022 7:55:00 PM,135.875,136.225,136.325,135.825,73389.0
Mar 10 2022 8:00:00 PM,135.8,135.875,136.075,135.8,7597.0
Mar 10 2022 11:35:00 PM,135.8,135.8,135.8,135.8,1.0
Mar 11 2022 3:00:00 PM,135.8,135.8,135.8,135.8,4.0
Mar 11 2022 3:10:00 PM,135.875,135.8,135.875,135.8,41.0
Mar 11 2022 3:15:00 PM,135.875,135.875,135.875,135.875,14.0
Mar 11 2022 3:20:00 PM,136.0,135.85,136.0,135.85,120.0
Mar 11 2022 3:25:00 PM,136.075,136.0,136.15,136.0,1170.0
Mar 11 2022 3:30:00 PM,136.4,136.075,136.525,136.0,8508.0
Mar 11 2022 3:35:00 PM,136.4,136.4,136.55,136.25,5289.0
Mar 11 2022 3:40:00 PM,136.575,136.4,136.825,136.4,4360.0
Mar 11 2022 3:45:00 PM,136.525,136.575,136.8,136.525,6009.0
Mar 11 2022 3:50:00 PM,136.8,136.525,136.95,136.5,7746.0
Mar 11 2022 3:55:00 PM,136.475,136.8,136.8,136.45,3702.0
Mar 11 2022 4:00:00 PM,136.325,136.475,136.475,136.15,3355.0
Mar 11 2022 4:05:00 PM,136.65,136.3,136.65,136.25,3995.0
Mar 11 2022 4:10:00 PM,136.925,136.65,136.925,136.65,5440.0
Mar 11 2022 4:15:00 PM,137.225,136.925,137.225,136.875,7186.0
Mar 11 2022 4:20:00 PM,137.25,137.2,137.275,137.025,4425.0
Mar 11 2022 4:25:00 PM,137.225,137.25,137.25,137.125,3914.0
Mar 11 2022 4:30:00 PM,137.2,137.225,137.4,137.2,5759.0
Mar 11 2022 4:35:00 PM,137.375,137.2,137.45,137.15,4776.0
Mar 11 2022 4:40:00 PM,137.125,137.375,137.425,137.125,4043.0
Mar 11 2022 4:45:00 PM,137.325,137.125,137.4,137.075,4661.0
Mar 11 2022 4:50:00 PM,137.1,137.325,137.325,137.05,2304.0
Mar 11 2022 4:55:00 PM,136.9,137.1,137.1,136.85,3464.0
Mar 11 2022 5:00:00 PM,137.0,136.9,137.125,136.9,2796.0
Mar 11 2022 5:05:00 PM,137.125,137.0,137.25,137.0,4390.0
Mar 11 2022 5:10:00 PM,137.175,137.125,137.225,137.075,2238.0
Mar 11 2022 5:15:00 PM,137.35,137.175,137.35,137.075,2760.0
Mar 11 2022 5:20:00 PM,137.275,137.35,137.35,137.275,2474.0
Mar 11 2022 5:25:00 PM,137.275,137.275,137.3,137.225,2122.0
Mar 11 2022 5:30:00 PM,137.3,137.25,137.4,137.225,3120.0
Mar 11 2022 5:35:00 PM,137.375,137.3,137.4,137.275,2648.0
Mar 11 2022 5:40:00 PM,137.3,137.35,137.35,137.25,3042.0
Mar 11 2022 5:45:00 PM,137.275,137.3,137.4,137.25,5208.0
Mar 11 2022 5:50:00 PM,137.3,137.275,137.35,137.2,2604.0
Mar 11 2022 5:55:00 PM,137.325,137.3,137.375,137.275,3759.0
Mar 11 2022 6:00:00 PM,137.35,137.325,137.375,137.275,3021.0
Mar 11 2022 6:05:00 PM,137.4,137.35,137.425,137.35,3410.0
Mar 11 2022 6:10:00 PM,137.475,137.4,137.475,137.375,3550.0
Mar 11 2022 6:15:00 PM,137.375,137.475,137.5,137.275,4236.0
Mar 11 2022 6:20:00 PM,137.575,137.375,137.6,137.35,4151.0
Mar 11 2022 6:25:00 PM,137.5,137.575,137.65,137.5,4789.0
Mar 11 2022 6:30:00 PM,137.625,137.5,137.65,137.5,4593.0
Mar 11 2022 6:35:00 PM,137.6,137.6,137.675,137.525,2512.0
Mar 11 2022 6:40:00 PM,137.45,137.6,137.675,137.45,3933.0
Mar 11 2022 6:45:00 PM,137.375,137.45,137.525,137.35,2483.0
Mar 11 2022 6:50:00 PM,137.25,137.375,137.4,137.225,1809.0
Mar 11 2022 6:55:00 PM,137.325,137.25,137.325,137.225,1759.0
Mar 11 2022 7:00:00 PM,137.35,137.325,137.425,137.3,2517.0
Mar 11 2022 7:05:00 PM,137.4,137.375,137.475,137.375,1530.0
Mar 11 2022 7:10:00 PM,137.4,137.4,137.45,137.375,1593.0
Mar 11 2022 7:15:00 PM,137.5,137.4,137.525,137.375,1946.0
Mar 11 2022 7:20:00 PM,137.4,137.525,137.6,137.4,3400.0
Mar 11 2022 7:25:00 PM,137.475,137.4,137.475,137.375,3623.0
Mar 11 2022 7:30:00 PM,137.375,137.475,137.525,137.35,7542.0
Mar 11 2022 7:35:00 PM,137.425,137.375,137.5,137.375,4910.0
Mar 11 2022 7:40:00 PM,137.475,137.425,137.55,137.425,5701.0
Mar 11 2022 7:45:00 PM,137.375,137.475,137.525,137.375,5861.0
Mar 11 2022 7:50:00 PM,137.5,137.375,137.5,137.325,4970.0
Mar 11 2022 7:55:00 PM,137.275,137.475,137.625,137.25,62152.0
Mar 11 2022 8:00:00 PM,136.8,137.25,137.4,136.8,6878.0
Mar 14 2022 2:00:00 PM,137.2,137.0,137.2,137.0,6.0
Mar 14 2022 2:05:00 PM,136.85,136.8,136.85,136.8,25.0
Mar 14 2022 2:10:00 PM,136.9,136.9,136.9,136.9,22.0
Mar 14 2022 2:15:00 PM,136.9,136.9,138.0,136.9,92.0
Mar 14 2022 2:20:00 PM,137.3,137.0,137.3,136.85,88.0
Mar 14 2022 2:25:00 PM,137.625,137.3,138.0,137.3,1133.0
Mar 14 2022 2:30:00 PM,137.525,137.625,137.95,137.375,7709.0
Mar 14 2022 2:35:00 PM,138.375,137.525,138.45,137.5,7053.0
Mar 14 2022 2:40:00 PM,138.5,138.375,138.625,138.3,8193.0
Mar 14 2022 2:45:00 PM,138.6,138.5,138.675,138.5,7345.0
Mar 14 2022 2:50:00 PM,138.55,138.6,138.725,138.525,5339.0
Mar 14 2022 2:55:00 PM,138.475,138.55,138.575,138.375,4153.0
Mar 14 2022 3:00:00 PM,138.675,138.475,138.725,138.4,4623.0
Mar 14 2022 3:05:00 PM,138.775,138.7,138.95,138.675,7997.0
Mar 14 2022 3:10:00 PM,138.9,138.75,138.925,138.725,5317.0
Mar 14 2022 3:15:00 PM,139.35,138.9,139.35,138.875,9919.0
Mar 14 2022 3:20:00 PM,139.3,139.35,139.475,139.275,6934.0
Mar 14 2022 3:25:00 PM,139.275,139.3,139.35,139.175,6270.0
Mar 14 2022 3:30:00 PM,139.175,139.275,139.375,139.175,5316.0
Mar 14 2022 3:35:00 PM,139.35,139.175,139.45,139.175,6085.0
Mar 14 2022 3:40:00 PM,139.35,139.35,139.475,139.325,4741.0
Mar 14 2022 3:45:00 PM,139.625,139.35,139.65,139.325,7218.0
Mar 14 2022 3:50:00 PM,139.65,139.625,139.725,139.5,5329.0
Mar 14 2022 3:55:00 PM,139.7,139.65,139.8,139.575,4562.0
Mar 14 2022 4:00:00 PM,139.7,139.7,139.75,139.625,3231.0
Mar 14 2022 4:05:00 PM,139.875,139.675,139.9,139.675,5290.0
Mar 14 2022 4:10:00 PM,140.425,139.875,140.625,139.85,8420.0
Mar 14 2022 4:15:00 PM,140.225,140.45,140.625,140.175,7274.0
Mar 14 2022 4:20:00 PM,140.025,140.25,140.275,139.9,4185.0
Mar 14 2022 4:25:00 PM,140.025,140.025,140.1,139.8,4152.0
Mar 14 2022 4:30:00 PM,140.125,140.025,140.225,139.95,4511.0
Mar 14 2022 4:35:00 PM,140.275,140.125,140.35,140.125,3426.0
Mar 14 2022 4:40:00 PM,139.925,140.275,140.3,139.925,1990.0
Mar 14 2022 4:45:00 PM,140.025,139.925,140.075,139.9,1748.0
Mar 14 2022 4:50:00 PM,140.275,140.025,140.325,140.0,2482.0
Mar 14 2022 4:55:00 PM,140.3,140.275,140.325,140.1,2423.0
Mar 14 2022 5:00:00 PM,140.425,140.3,140.45,140.125,3374.0
Mar 14 2022 5:05:00 PM,140.575,140.425,140.6,140.375,3932.0
Mar 14 2022 5:10:00 PM,140.675,140.575,140.7,140.5,3515.0
Mar 14 2022 5:15:00 PM,140.875,140.675,140.875,140.675,3523.0
Mar 14 2022 5:20:00 PM,140.725,140.875,140.875,140.725,5939.0
Mar 14 2022 5:25:00 PM,140.575,140.725,140.75,140.55,3384.0
Mar 14 2022 5:30:00 PM,140.5,140.575,140.6,140.5,3175.0
Mar 14 2022 5:35:00 PM,140.525,140.5,140.6,140.5,1367.0
Mar 14 2022 5:40:00 PM,140.525,140.525,140.575,140.5,1563.0
Mar 14 2022 5:45:00 PM,140.5,140.525,140.6,140.5,2678.0
Mar 14 2022 5:50:00 PM,140.45,140.5,140.55,140.4,3404.0
Mar 14 2022 5:55:00 PM,140.175,140.45,140.45,140.15,1839.0
Mar 14 2022 6:00:00 PM,140.2,140.15,140.275,140.15,2174.0
Mar 14 2022 6:05:00 PM,140.175,140.2,140.225,140.175,1831.0
Mar 14 2022 6:10:00 PM,140.2,140.175,140.275,140.175,2361.0
Mar 14 2022 6:15:00 PM,140.225,140.2,140.25,140.2,2222.0
Mar 14 2022 6:20:00 PM,140.275,140.225,140.3,140.225,1592.0
Mar 14 2022 6:25:00 PM,140.2,140.275,140.275,140.175,2144.0
Mar 14 2022 6:30:00 PM,140.225,140.2,140.225,140.15,3996.0
Mar 14 2022 6:35:00 PM,140.275,140.225,140.325,140.225,3819.0
Mar 14 2022 6:40:00 PM,140.3,140.275,140.35,140.275,4687.0
Mar 14 2022 6:45:00 PM,140.225,140.3,140.375,140.15,9746.0
Mar 14 2022 6:50:00 PM,140.3,140.225,140.4,140.2,5218.0
Mar 14 2022 6:55:00 PM,140.325,140.3,140.4,140.2,22601.0
Mar 14 2022 7:00:00 PM,139.725,140.325,140.4,139.725,4167.0
Mar 14 2022 10:35:00 PM,139.725,139.725,139.725,139.725,5.0
Mar 15 2022 1:55:00 PM,140.025,140.0,140.025,140.0,2.0
Mar 15 2022 2:00:00 PM,140.8,140.15,140.8,140.15,2.0
Mar 15 2022 2:10:00 PM,140.5,140.5,140.5,140.5,1.0
Mar 15 2022 2:20:00 PM,140.4,140.4,140.4,140.4,1.0
Mar 15 2022 2:25:00 PM,140.425,140.4,140.5,140.325,146.0
Mar 15 2022 2:30:00 PM,140.475,140.425,140.725,140.375,6480.0
Mar 15 2022 2:35:00 PM,140.725,140.475,140.875,140.475,2313.0
Mar 15 2022 2:40:00 PM,140.75,140.725,140.8,140.575,2612.0
Mar 15 2022 2:45:00 PM,140.8,140.75,140.85,140.675,3661.0
Mar 15 2022 2:50:00 PM,140.625,140.775,140.825,140.6,7710.0
Mar 15 2022 2:55:00 PM,140.75,140.625,140.825,140.6,3372.0
Mar 15 2022 3:00:00 PM,140.75,140.75,140.75,140.675,3904.0
Mar 15 2022 3:05:00 PM,140.775,140.75,140.825,140.675,4443.0
Mar 15 2022 3:10:00 PM,140.725,140.775,140.85,140.725,4123.0
Mar 15 2022 3:15:00 PM,140.75,140.725,140.775,140.675,2108.0
Mar 15 2022 3:20:00 PM,140.725,140.75,140.775,140.7,3921.0
Mar 15 2022 3:25:00 PM,140.775,140.725,140.8,140.725,1409.0
Mar 15 2022 3:30:00 PM,140.675,140.775,140.85,140.675,3199.0
Mar 15 2022 3:35:00 PM,140.6,140.675,140.75,140.6,2342.0
Mar 15 2022 3:40:00 PM,140.475,140.6,140.625,140.45,4775.0
Mar 15 2022 3:45:00 PM,140.15,140.475,140.525,140.125,4557.0
Mar 15 2022 3:50:00 PM,140.175,140.15,140.275,140.025,4112.0
Mar 15 2022 3:55:00 PM,140.25,140.175,140.3,140.125,3113.0
Mar 15 2022 4:00:00 PM,140.175,140.25,140.275,140.075,2306.0
Mar 15 2022 4:05:00 PM,140.05,140.175,140.3,140.05,1780.0
Mar 15 2022 4:10:00 PM,140.175,140.05,140.175,140.025,2872.0
Mar 15 2022 4:15:00 PM,140.125,140.175,140.175,140.075,1746.0
Mar 15 2022 4:20:00 PM,140.15,140.125,140.175,140.1,951.0
Mar 15 2022 4:25:00 PM,140.2,140.15,140.225,140.125,3848.0
Mar 15 2022 4:30:00 PM,140.225,140.2,140.275,140.175,2545.0
Mar 15 2022 4:35:00 PM,140.375,140.225,140.375,140.225,3597.0
Mar 15 2022 4:40:00 PM,140.325,140.35,140.375,140.25,2155.0
Mar 15 2022 4:45:00 PM,140.4,140.325,140.4,140.3,3207.0
Mar 15 2022 4:50:00 PM,140.45,140.4,140.55,140.375,2507.0
Mar 15 2022 4:55:00 PM,140.55,140.5,140.725,140.45,3327.0
Mar 15 2022 5:00:00 PM,140.575,140.575,140.675,140.525,2093.0
Mar 15 2022 5:05:00 PM,140.575,140.575,140.6,140.575,417.0
Mar 15 2022 5:10:00 PM,140.35,140.575,140.575,140.35,926.0
Mar 15 2022 5:15:00 PM,140.325,140.35,140.4,140.25,1198.0
Mar 15 2022 5:20:00 PM,140.3,140.325,140.375,140.275,443.0
Mar 15 2022 5:25:00 PM,140.425,140.3,140.475,140.25,2489.0
Mar 15 2022 5:30:00 PM,140.3,140.425,140.45,140.3,1322.0
Mar 15 2022 5:35:00 PM,140.35,140.3,140.4,140.3,3289.0
Mar 15 2022 5:40:00 PM,140.25,140.35,140.35,140.225,2187.0
Mar 15 2022 5:45:00 PM,140.2,140.25,140.275,140.2,2679.0
Mar 15 2022 5:50:00 PM,140.1,140.2,140.225,140.1,2536.0
Mar 15 2022 5:55:00 PM,140.425,140.1,140.425,140.1,1463.0
Mar 15 2022 6:00:00 PM,140.475,140.425,140.6,140.325,1038.0
Mar 15 2022 6:05:00 PM,140.6,140.5,140.625,140.4,4114.0
Mar 15 2022 6:10:00 PM,140.675,140.6,140.7,140.6,2007.0
Mar 15 2022 6:15:00 PM,141.025,140.675,141.05,140.65,4223.0
Mar 15 2022 6:20:00 PM,141.05,141.05,141.125,140.975,2026.0
Mar 15 2022 6:25:00 PM,140.975,141.05,141.075,140.925,1389.0
Mar 15 2022 6:30:00 PM,140.975,140.95,141.0,140.925,2490.0
Mar 15 2022 6:35:00 PM,140.75,140.975,141.0,140.75,5240.0
Mar 15 2022 6:40:00 PM,140.725,140.75,140.75,140.7,3929.0
Mar 15 2022 6:45:00 PM,140.65,140.725,140.725,140.65,4055.0
Mar 15 2022 6:50:00 PM,140.675,140.65,140.825,140.65,4704.0
Mar 15 2022 6:55:00 PM,140.825,140.675,140.875,140.6,28252.0
Mar 15 2022 7:00:00 PM,140.55,140.825,140.875,140.55,11159.0
Mar 15 2022 10:35:00 PM,140.55,140.55,140.55,140.55,2.0
Mar 16 2022 2:00:00 PM,140.65,140.65,140.65,140.65,7.0
Mar 16 2022 2:15:00 PM,140.65,140.65,140.65,140.65,7.0
Mar 16 2022 2:20:00 PM,140.9,140.85,140.9,140.85,4.0
Mar 16 2022 2:25:00 PM,140.875,140.875,140.925,140.85,263.0
Mar 16 2022 2:30:00 PM,140.95,140.875,141.0,140.65,8153.0
Mar 16 2022 2:35:00 PM,140.9,140.95,141.075,140.825,4217.0
Mar 16 2022 2:40:00 PM,141.0,140.9,141.025,140.9,2534.0
Mar 16 2022 2:45:00 PM,141.175,141.0,141.35,141.0,5058.0
Mar 16 2022 2:50:00 PM,141.325,141.175,141.325,141.075,4146.0
Mar 16 2022 2:55:00 PM,141.3,141.3,141.475,141.2,4069.0
Mar 16 2022 3:00:00 PM,141.225,141.3,141.35,141.2,3906.0
Mar 16 2022 3:05:00 PM,141.2,141.225,141.325,141.2,4420.0
Mar 16 2022 3:10:00 PM,140.75,141.2,141.225,140.675,5181.0
Mar 16 2022 3:15:00 PM,140.725,140.75,140.9,140.7,2576.0
Mar 16 2022 3:20:00 PM,140.525,140.725,140.75,140.45,2724.0
Mar 16 2022 3:25:00 PM,140.625,140.525,140.675,140.525,1601.0
Mar 16 2022 3:30:00 PM,140.675,140.625,140.725,140.55,2280.0
Mar 16 2022 3:35:00 PM,140.9,140.675,140.9,140.525,3544.0
Mar 16 2022 3:40:00 PM,140.825,140.9,140.925,140.775,785.0
Mar 16 2022 3:45:00 PM,140.9,140.825,140.925,140.825,1154.0
Mar 16 2022 3:50:00 PM,140.975,140.9,141.0,140.85,2203.0
Mar 16 2022 3:55:00 PM,140.925,140.95,141.0,140.85,2362.0
Mar 16 2022 4:00:00 PM,140.9,140.925,141.05,140.9,1826.0
Mar 16 2022 4:05:00 PM,140.675,140.9,140.925,140.6,3103.0
Mar 16 2022 4:10:00 PM,140.7,140.675,140.75,140.625,2671.0
Mar 16 2022 4:15:00 PM,140.625,140.7,140.75,140.575,1501.0
Mar 16 2022 4:20:00 PM,140.725,140.625,140.775,140.6,1619.0
Mar 16 2022 4:25:00 PM,140.55,140.75,140.75,140.55,1741.0
Mar 16 2022 4:30:00 PM,140.25,140.55,140.55,140.225,5150.0
Mar 16 2022 4:35:00 PM,140.45,140.25,140.475,140.225,3087.0
Mar 16 2022 4:40:00 PM,140.5,140.45,140.55,140.425,1362.0
Mar 16 2022 4:45:00 PM,140.4,140.5,140.525,140.4,2307.0
Mar 16 2022 4:50:00 PM,140.425,140.4,140.5,140.4,1409.0
Mar 16 2022 4:55:00 PM,140.375,140.425,140.45,140.275,2316.0
Mar 16 2022 5:00:00 PM,140.325,140.375,140.4,140.325,1015.0
Mar 16 2022 5:05:00 PM,140.325,140.325,140.375,140.25,2724.0
Mar 16 2022 5:10:00 PM,140.2,140.325,140.35,140.15,1342.0
Mar 16 2022 5:15:00 PM,139.775,140.175,140.2,139.35,5075.0
Mar 16 2022 5:20:00 PM,139.875,139.775,139.9,139.625,2333.0
Mar 16 2022 5:25:00 PM,139.825,139.85,139.9,139.7,1639.0
Mar 16 2022 5:30:00 PM,139.625,139.825,139.825,139.6,2026.0
Mar 16 2022 5:35:00 PM,139.675,139.65,139.7,139.6,979.0
Mar 16 2022 5:40:00 PM,139.725,139.675,139.825,139.625,875.0
Mar 16 2022 5:45:00 PM,139.65,139.725,139.75,139.625,1346.0
Mar 16 2022 5:50:00 PM,139.6,139.65,139.675,139.6,609.0
Mar 16 2022 5:55:00 PM,139.9,139.6,139.95,139.6,1677.0
Mar 16 2022 6:00:00 PM,139.775,139.875,139.9,139.675,1615.0
Mar 16 2022 6:05:00 PM,139.775,139.775,139.85,139.75,1357.0
Mar 16 2022 6:10:00 PM,139.625,139.775,139.775,139.575,1922.0
Mar 16 2022 6:15:00 PM,139.575,139.625,139.725,139.575,1104.0
Mar 16 2022 6:20:00 PM,139.65,139.6,139.75,139.6,1222.0
Mar 16 2022 6:25:00 PM,139.7,139.65,139.7,139.625,682.0
Mar 16 2022 6:30:00 PM,139.675,139.7,139.7,139.625,3147.0
Mar 16 2022 6:35:00 PM,139.7,139.675,139.725,139.575,2712.0
Mar 16 2022 6:40:00 PM,139.675,139.7,139.775,139.675,2772.0
Mar 16 2022 6:45:00 PM,139.625,139.7,139.725,139.575,2461.0
Mar 16 2022 6:50:00 PM,139.45,139.625,139.625,139.425,4257.0
Mar 16 2022 6:55:00 PM,139.35,139.45,139.5,139.25,11056.0
Mar 16 2022 7:00:00 PM,139.25,139.35,139.45,139.25,1852.0
Mar 16 2022 10:35:00 PM,139.25,139.25,139.25,139.25,2.0
Mar 17 2022 2:00:00 PM,139.35,139.35,139.35,139.35,162.0
Mar 17 2022 2:20:00 PM,139.35,139.35,139.35,139.35,53.0
Mar 17 2022 2:25:00 PM,139.275,139.35,139.35,139.25,682.0
Mar 17 2022 2:30:00 PM,138.825,139.275,139.275,138.625,5759.0
Mar 17 2022 2:35:00 PM,138.4,138.85,138.85,138.4,6480.0
Mar 17 2022 2:40:00 PM,138.575,138.4,138.7,138.4,2585.0
Mar 17 2022 2:45:00 PM,138.675,138.575,138.825,138.575,3137.0
Mar 17 2022 2:50:00 PM,138.825,138.675,138.875,138.65,4140.0
Mar 17 2022 2:55:00 PM,138.725,138.825,138.825,138.65,4108.0
Mar 17 2022 3:00:00 PM,139.0,138.725,139.05,138.65,7818.0
Mar 17 2022 3:05:00 PM,139.2,139.0,139.25,138.825,4287.0
Mar 17 2022 3:10:00 PM,139.225,139.225,139.45,139.075,4442.0
Mar 17 2022 3:15:00 PM,139.45,139.225,139.9,139.225,8288.0
Mar 17 2022 3:20:00 PM,139.2,139.45,139.475,139.2,3122.0
Mar 17 2022 3:25:00 PM,139.175,139.2,139.375,139.175,1764.0
Mar 17 2022 3:30:00 PM,139.55,139.175,139.55,139.175,2732.0
Mar 17 2022 3:35:00 PM,139.6,139.55,139.875,139.5,4514.0
Mar 17 2022 3:40:00 PM,139.0,139.625,139.625,139.0,3946.0
Mar 17 2022 3:45:00 PM,139.225,139.0,139.325,139.0,1969.0
Mar 17 2022 3:50:00 PM,139.175,139.225,139.25,139.05,1281.0
Mar 17 2022 3:55:00 PM,139.5,139.2,139.575,139.2,2170.0
Mar 17 2022 4:00:00 PM,139.525,139.5,139.65,139.5,2255.0
Mar 17 2022 4:05:00 PM,139.4,139.525,139.6,139.4,1537.0
Mar 17 2022 4:10:00 PM,139.475,139.4,139.5,139.25,2994.0
Mar 17 2022 4:15:00 PM,139.4,139.475,139.5,139.35,2035.0
Mar 17 2022 4:20:00 PM,139.325,139.375,139.4,139.225,3009.0
Mar 17 2022 4:25:00 PM,138.9,139.375,139.375,138.875,3743.0
Mar 17 2022 4:30:00 PM,138.9,138.9,138.925,138.825,630.0
Mar 17 2022 4:35:00 PM,138.95,138.9,138.975,138.875,1091.0
Mar 17 2022 4:40:00 PM,139.0,138.95,139.025,138.85,1656.0
Mar 17 2022 4:45:00 PM,139.425,139.0,139.525,138.95,2502.0
Mar 17 2022 4:50:00 PM,139.3,139.4,139.575,139.25,5756.0
Mar 17 2022 4:55:00 PM,139.3,139.3,139.35,139.2,2527.0
Mar 17 2022 5:00:00 PM,139.4,139.3,139.425,139.225,1720.0
Mar 17 2022 5:05:00 PM,139.35,139.4,139.475,139.35,994.0
Mar 17 2022 5:10:00 PM,139.525,139.35,139.6,139.3,1630.0
Mar 17 2022 5:15:00 PM,139.5,139.525,139.625,139.45,3358.0
Mar 17 2022 5:20:00 PM,139.525,139.5,139.65,139.475,3983.0
Mar 17 2022 5:25:00 PM,139.425,139.5,139.525,139.425,848.0
Mar 17 2022 5:30:00 PM,139.575,139.45,139.6,139.45,2474.0
Mar 17 2022 5:35:00 PM,139.725,139.55,139.775,139.525,1836.0
Mar 17 2022 5:40:00 PM,139.675,139.725,139.75,139.575,1276.0
Mar 17 2022 5:45:00 PM,139.65,139.7,139.725,139.525,2181.0
Mar 17 2022 5:50:00 PM,139.575,139.65,139.675,139.575,866.0
Mar 17 2022 5:55:00 PM,139.65,139.6,139.675,139.6,932.0
Mar 17 2022 6:00:00 PM,139.675,139.65,139.775,139.625,2845.0
Mar 17 2022 6:05:00 PM,139.625,139.675,139.675,139.625,615.0
Mar 17 2022 6:10:00 PM,139.5,139.625,139.625,139.475,574.0
Mar 17 2022 6:15:00 PM,139.55,139.525,139.575,139.5,704.0
Mar 17 2022 6:20:00 PM,139.575,139.55,139.625,139.55,962.0
Mar 17 2022 6:25:00 PM,139.525,139.575,139.575,139.5,1265.0
Mar 17 2022 6:30:00 PM,139.375,139.525,139.625,139.35,2052.0
Mar 17 2022 6:35:00 PM,139.35,139.375,139.475,139.275,3316.0
Mar 17 2022 6:40:00 PM,139.325,139.35,139.425,139.3,3415.0
Mar 17 2022 6:45:00 PM,139.225,139.325,139.35,139.225,2198.0
Mar 17 2022 6:50:00 PM,139.4,139.225,139.4,139.225,2055.0
Mar 17 2022 6:55:00 PM,139.6,139.4,139.675,139.3,19113.0
Mar 17 2022 7:00:00 PM,139.0,139.6,139.675,139.0,3306.0
Mar 17 2022 8:50:00 PM,138.8,138.8,138.8,138.8,5.0
Mar 17 2022 10:35:00 PM,138.8,138.8,138.8,138.8,5.0
Mar 18 2022 2:00:00 PM,139.45,138.95,139.45,138.95,5.0
Mar 18 2022 2:20:00 PM,139.45,139.45,139.45,139.45,5.0
Mar 18 2022 2:25:00 PM,139.425,139.475,139.475,139.2,211.0
Mar 18 2022 2:30:00 PM,139.65,139.375,139.7,139.35,2776.0
Mar 18 2022 2:35:00 PM,139.6,139.65,139.725,139.55,3539.0
Mar 18 2022 2:40:00 PM,139.55,139.575,139.625,139.55,3810.0
Mar 18 2022 2:45:00 PM,139.575,139.55,139.6,139.55,3411.0
Mar 18 2022 2:50:00 PM,139.6,139.575,139.675,139.55,2203.0
Mar 18 2022 2:55:00 PM,139.425,139.575,139.575,139.325,2079.0
Mar 18 2022 3:00:00 PM,139.575,139.425,139.6,139.3,2257.0
Mar 18 2022 3:05:00 PM,139.55,139.55,139.575,139.45,853.0
Mar 18 2022 3:10:00 PM,139.525,139.55,139.6,139.45,842.0
Mar 18 2022 3:15:00 PM,139.55,139.55,139.6,139.5,1239.0
Mar 18 2022 3:20:00 PM,139.55,139.55,139.6,139.5,1527.0
Mar 18 2022 3:25:00 PM,139.55,139.55,139.575,139.55,409.0
Mar 18 2022 3:30:00 PM,139.6,139.575,139.625,139.55,764.0
Mar 18 2022 3:35:00 PM,139.575,139.6,139.6,139.55,1684.0
Mar 18 2022 3:40:00 PM,139.575,139.575,139.6,139.55,366.0
Mar 18 2022 3:45:00 PM,139.975,139.575,140.125,139.575,4009.0
Mar 18 2022 3:50:00 PM,139.9,139.975,140.0,139.85,1491.0
Mar 18 2022 3:55:00 PM,139.775,139.9,139.95,139.725,1340.0
Mar 18 2022 4:00:00 PM,139.825,139.775,139.825,139.725,1242.0
Mar 18 2022 4:05:00 PM,139.7,139.85,139.925,139.7,1160.0
Mar 18 2022 4:10:00 PM,139.85,139.7,139.85,139.675,1881.0
Mar 18 2022 4:15:00 PM,139.85,139.85,139.925,139.85,729.0
Mar 18 2022 4:20:00 PM,139.85,139.85,139.875,139.8,1882.0
Mar 18 2022 4:25:00 PM,139.85,139.85,139.875,139.85,1074.0
Mar 18 2022 4:30:00 PM,139.9,139.85,139.9,139.85,1558.0
Mar 18 2022 4:35:00 PM,139.85,139.9,139.95,139.85,970.0
Mar 18 2022 4:40:00 PM,139.95,139.85,139.975,139.85,711.0
Mar 18 2022 4:45:00 PM,140.0,139.95,140.05,139.95,940.0
Mar 18 2022 4:50:00 PM,140.025,140.0,140.125,139.95,1655.0
Mar 18 2022 4:55:00 PM,140.025,140.025,140.075,140.0,649.0
Mar 18 2022 5:00:00 PM,140.15,140.025,140.225,140.025,1764.0
Mar 18 2022 5:05:00 PM,140.225,140.15,140.225,140.15,1865.0
Mar 18 2022 5:10:00 PM,140.225,140.225,140.225,140.075,2095.0
Mar 18 2022 5:15:00 PM,140.5,140.225,140.55,140.225,3977.0
Mar 18 2022 5:20:00 PM,140.65,140.5,140.675,140.5,3124.0
Mar 18 2022 5:25:00 PM,140.775,140.65,140.8,140.65,4303.0
Mar 18 2022 5:30:00 PM,140.725,140.8,140.8,140.625,2878.0
Mar 18 2022 5:35:00 PM,140.65,140.725,140.725,140.6,2144.0
Mar 18 2022 5:40:00 PM,140.625,140.65,140.725,140.575,2386.0
Mar 18 2022 5:45:00 PM,140.725,140.625,140.75,140.625,1453.0
Mar 18 2022 5:50:00 PM,140.7,140.725,140.75,140.7,3698.0
Mar 18 2022 5:55:00 PM,140.7,140.7,140.75,140.7,1982.0
Mar 18 2022 6:00:00 PM,140.5,140.7,140.7,140.5,2047.0
Mar 18 2022 6:05:00 PM,140.425,140.5,140.55,140.4,1752.0
Mar 18 2022 6:10:00 PM,140.425,140.4,140.5,140.4,1299.0
Mar 18 2022 6:15:00 PM,140.525,140.45,140.6,140.4,1410.0
Mar 18 2022 6:20:00 PM,140.4,140.525,140.55,140.375,642.0
Mar 18 2022 6:25:00 PM,140.5,140.4,140.55,140.25,1820.0
Mar 18 2022 6:30:00 PM,140.525,140.5,140.6,140.5,1672.0
Mar 18 2022 6:35:00 PM,140.525,140.5,140.575,140.5,1290.0
Mar 18 2022 6:40:00 PM,140.475,140.525,140.575,140.475,1261.0
Mar 18 2022 6:45:00 PM,140.3,140.475,140.575,140.275,3275.0
Mar 18 2022 6:50:00 PM,140.45,140.3,140.475,140.3,2230.0
Mar 18 2022 6:55:00 PM,140.575,140.45,140.575,140.35,11946.0
Mar 18 2022 7:00:00 PM,140.575,140.575,140.725,140.525,2748.0
Mar 21 2022 2:00:00 PM,140.5,140.575,140.8,140.5,18.0
Mar 21 2022 2:05:00 PM,140.475,140.475,140.475,140.475,8.0
Mar 21 2022 2:15:00 PM,140.475,140.475,140.475,140.475,12.0
Mar 21 2022 2:20:00 PM,140.475,140.475,140.475,140.475,13.0
Mar 21 2022 2:25:00 PM,140.475,140.475,140.525,140.3,317.0
Mar 21 2022 2:30:00 PM,140.75,140.475,141.0,140.4,4317.0
Mar 21 2022 2:35:00 PM,140.675,140.775,140.825,140.575,1808.0
Mar 21 2022 2:40:00 PM,140.525,140.675,140.7,140.5,2791.0
Mar 21 2022 2:45:00 PM,140.625,140.525,140.775,140.5,2669.0
Mar 21 2022 2:50:00 PM,140.475,140.625,140.625,140.425,2514.0
Mar 21 2022 2:55:00 PM,140.025,140.4,140.4,140.025,4222.0
Mar 21 2022 3:00:00 PM,140.0,140.025,140.1,139.975,5209.0
Mar 21 2022 3:05:00 PM,140.025,140.0,140.075,139.925,6744.0
Mar 21 2022 3:10:00 PM,139.8,140.025,140.025,139.8,3029.0
Mar 21 2022 3:15:00 PM,139.925,139.85,139.975,139.775,4792.0
Mar 21 2022 3:20:00 PM,140.05,139.925,140.1,139.9,2473.0
Mar 21 2022 3:25:00 PM,140.35,140.025,140.45,139.975,3212.0
Mar 21 2022 3:30:00 PM,140.3,140.35,140.6,140.225,4455.0
Mar 21 2022 3:35:00 PM,140.5,140.3,140.525,140.175,7121.0
Mar 21 2022 3:40:00 PM,140.65,140.5,140.65,140.45,3126.0
Mar 21 2022 3:45:00 PM,140.625,140.65,140.825,140.575,2494.0
Mar 21 2022 3:50:00 PM,140.575,140.625,140.65,140.575,1593.0
Mar 21 2022 3:55:00 PM,140.55,140.575,140.625,140.55,1702.0
Mar 21 2022 4:00:00 PM,140.625,140.55,140.7,140.475,1830.0
Mar 21 2022 4:05:00 PM,140.575,140.625,140.7,140.5,1693.0
Mar 21 2022 4:10:00 PM,140.65,140.575,140.675,140.55,2029.0
Mar 21 2022 4:15:00 PM,140.525,140.65,140.675,140.5,1324.0
Mar 21 2022 4:20:00 PM,140.325,140.525,140.525,140.325,1793.0
Mar 21 2022 4:25:00 PM,140.4,140.325,140.425,140.275,2789.0
Mar 21 2022 4:30:00 PM,140.4,140.4,140.5,140.35,1530.0
Mar 21 2022 4:35:00 PM,140.375,140.375,140.4,140.35,1227.0
Mar 21 2022 4:40:00 PM,140.375,140.375,140.45,140.35,1469.0
Mar 21 2022 4:45:00 PM,140.35,140.375,140.375,140.35,1527.0
Mar 21 2022 4:50:00 PM,140.275,140.35,140.5,140.25,1255.0
Mar 21 2022 4:55:00 PM,140.275,140.275,140.325,140.2,1840.0
Mar 21 2022 5:00:00 PM,140.275,140.275,140.275,140.175,981.0
Mar 21 2022 5:05:00 PM,140.275,140.25,140.3,140.25,959.0
Mar 21 2022 5:10:00 PM,140.275,140.3,140.325,140.25,1498.0
Mar 21 2022 5:15:00 PM,140.325,140.275,140.325,140.225,1496.0
Mar 21 2022 5:20:00 PM,140.325,140.325,140.35,140.25,1301.0
Mar 21 2022 5:25:00 PM,140.4,140.325,140.45,140.325,2021.0
Mar 21 2022 5:30:00 PM,140.475,140.425,140.5,140.35,1274.0
Mar 21 2022 5:35:00 PM,140.475,140.475,140.575,140.475,1623.0
Mar 21 2022 5:40:00 PM,140.55,140.475,140.575,140.425,1038.0
Mar 21 2022 5:45:00 PM,140.65,140.55,140.7,140.55,2590.0
Mar 21 2022 5:50:00 PM,140.475,140.625,140.625,140.375,2136.0
Mar 21 2022 5:55:00 PM,140.375,140.475,140.475,140.35,2374.0
Mar 21 2022 6:00:00 PM,140.225,140.375,140.4,140.2,2694.0
Mar 21 2022 6:05:00 PM,140.2,140.225,140.275,140.175,1980.0
Mar 21 2022 6:10:00 PM,140.225,140.175,140.3,140.15,1729.0
Mar 21 2022 6:15:00 PM,140.225,140.225,140.275,140.175,1427.0
Mar 21 2022 6:20:00 PM,140.3,140.225,140.325,140.2,3374.0
Mar 21 2022 6:25:00 PM,140.275,140.325,140.325,140.25,1757.0
Mar 21 2022 6:30:00 PM,140.325,140.275,140.375,140.25,3012.0
Mar 21 2022 6:35:00 PM,140.3,140.325,140.35,140.275,2912.0
Mar 21 2022 6:40:00 PM,140.325,140.3,140.325,140.225,2368.0
Mar 21 2022 6:45:00 PM,140.15,140.325,140.35,140.15,3146.0
Mar 21 2022 6:50:00 PM,140.225,140.15,140.225,140.15,3368.0
Mar 21 2022 6:55:00 PM,140.05,140.225,140.25,140.0,12859.0
Mar 21 2022 7:00:00 PM,139.9,140.05,140.075,139.9,2405.0
Mar 21 2022 10:35:00 PM,139.9,139.9,139.9,139.9,4.0
Mar 22 2022 2:00:00 PM,140.05,140.05,140.05,140.05,1.0
Mar 22 2022 2:20:00 PM,140.05,140.05,140.05,140.05,5.0
Mar 22 2022 2:25:00 PM,140.05,140.05,140.075,140.05,87.0
Mar 22 2022 2:30:00 PM,140.1,140.05,140.2,139.95,2225.0
Mar 22 2022 2:35:00 PM,140.25,140.1,140.3,140.1,3059.0
Mar 22 2022 2:40:00 PM,140.275,140.25,140.45,140.25,1894.0
Mar 22 2022 2:45:00 PM,140.35,140.25,140.45,140.25,2881.0
Mar 22 2022 2:50:00 PM,140.35,140.35,140.45,140.3,2648.0
Mar 22 2022 2:55:00 PM,140.325,140.375,140.575,140.3,3307.0
Mar 22 2022 3:00:00 PM,140.475,140.35,140.5,140.275,3026.0
Mar 22 2022 3:05:00 PM,140.325,140.475,140.525,140.325,2496.0
Mar 22 2022 3:10:00 PM,140.325,140.325,140.375,140.225,2061.0
Mar 22 2022 3:15:00 PM,140.25,140.325,140.35,140.25,1359.0
Mar 22 2022 3:20:00 PM,140.0,140.25,140.25,140.0,10791.0
Mar 22 2022 3:25:00 PM,140.125,140.0,140.175,140.0,3663.0
Mar 22 2022 3:30:00 PM,140.125,140.125,140.275,140.1,1684.0
Mar 22 2022 3:35:00 PM,140.2,140.125,140.225,140.125,1094.0
Mar 22 2022 3:40:00 PM,140.175,140.175,140.2,140.125,810.0
Mar 22 2022 3:45:00 PM,140.225,140.15,140.275,140.125,1165.0
Mar 22 2022 3:50:00 PM,140.15,140.225,140.225,140.075,1327.0
Mar 22 2022 3:55:00 PM,140.15,140.15,140.2,140.15,1230.0
Mar 22 2022 4:00:00 PM,140.3,140.15,140.3,140.1,2101.0
Mar 22 2022 4:05:00 PM,140.25,140.3,140.325,140.175,1841.0
Mar 22 2022 4:10:00 PM,140.275,140.25,140.275,140.2,820.0
Mar 22 2022 4:15:00 PM,140.275,140.275,140.275,140.2,1066.0
Mar 22 2022 4:20:00 PM,140.325,140.275,140.35,140.25,1228.0
Mar 22 2022 4:25:00 PM,140.325,140.325,140.35,140.3,1716.0
Mar 22 2022 4:30:00 PM,140.375,140.325,140.4,140.325,1514.0
Mar 22 2022 4:35:00 PM,140.325,140.375,140.4,140.3,2232.0
Mar 22 2022 4:40:00 PM,140.3,140.325,140.375,140.25,1157.0
Mar 22 2022 4:45:00 PM,140.275,140.3,140.375,140.275,1771.0
Mar 22 2022 4:50:00 PM,140.275,140.275,140.325,140.25,799.0
Mar 22 2022 4:55:00 PM,140.225,140.275,140.275,140.225,2034.0
Mar 22 2022 5:00:00 PM,140.175,140.25,140.25,140.1,2952.0
Mar 22 2022 5:05:00 PM,140.125,140.175,140.2,140.125,1198.0
Mar 22 2022 5:10:00 PM,140.1,140.125,140.125,140.0,2203.0
Mar 22 2022 5:15:00 PM,139.925,140.1,140.1,139.9,3219.0
Mar 22 2022 5:20:00 PM,139.95,139.925,140.0,139.9,2118.0
Mar 22 2022 5:25:00 PM,140.1,139.95,140.1,139.9,1754.0
Mar 22 2022 5:30:00 PM,139.975,140.1,140.1,139.95,2031.0
Mar 22 2022 5:35:00 PM,139.9,139.975,139.975,139.825,2370.0
Mar 22 2022 5:40:00 PM,139.825,139.925,139.95,139.825,1570.0
Mar 22 2022 5:45:00 PM,139.8,139.825,139.85,139.775,1068.0
Mar 22 2022 5:50:00 PM,139.6,139.775,139.775,139.575,4526.0
Mar 22 2022 5:55:00 PM,139.575,139.6,139.65,139.575,2883.0
Mar 22 2022 6:00:00 PM,139.6,139.575,139.725,139.55,4182.0
Mar 22 2022 6:05:00 PM,139.65,139.575,139.65,139.55,1959.0
Mar 22 2022 6:10:00 PM,139.675,139.65,139.675,139.6,1140.0
Mar 22 2022 6:15:00 PM,139.65,139.675,139.675,139.6,1040.0
Mar 22 2022 6:20:00 PM,139.65,139.65,139.7,139.6,2317.0
Mar 22 2022 6:25:00 PM,139.6,139.65,139.725,139.6,1462.0
Mar 22 2022 6:30:00 PM,139.575,139.6,139.6,139.55,3704.0
Mar 22 2022 6:35:00 PM,139.425,139.575,139.575,139.425,4742.0
Mar 22 2022 6:40:00 PM,139.525,139.425,139.575,139.425,2760.0
Mar 22 2022 6:45:00 PM,139.45,139.525,139.55,139.45,3648.0
Mar 22 2022 6:50:00 PM,139.375,139.45,139.475,139.35,5712.0
Mar 22 2022 6:55:00 PM,139.475,139.375,139.5,139.275,14694.0
Mar 22 2022 7:00:00 PM,139.275,139.475,139.475,139.275,3093.0
Mar 22 2022 10:35:00 PM,139.275,139.275,139.275,139.275,3.0
Mar 23 2022 2:00:00 PM,139.525,139.275,139.525,139.275,7.0
Mar 23 2022 2:05:00 PM,139.525,139.525,139.525,139.525,3.0
Mar 23 2022 2:15:00 PM,139.6,139.575,139.625,139.575,23.0
Mar 23 2022 2:20:00 PM,139.6,139.6,139.6,139.6,14.0
Mar 23 2022 2:25:00 PM,139.5,139.575,139.625,139.5,53.0
Mar 23 2022 2:30:00 PM,138.95,139.525,139.575,138.925,3367.0
Mar 23 2022 2:35:00 PM,138.825,138.95,139.0,138.775,2507.0
Mar 23 2022 2:40:00 PM,138.525,138.825,138.85,138.375,6472.0
Mar 23 2022 2:45:00 PM,138.4,138.525,138.625,138.2,6454.0
Mar 23 2022 2:50:00 PM,138.45,138.4,138.5,138.225,8843.0
Mar 23 2022 2:55:00 PM,138.45,138.45,138.65,138.45,4989.0
Mar 23 2022 3:00:00 PM,138.55,138.45,138.7,138.45,4160.0
Mar 23 2022 3:05:00 PM,138.375,138.55,138.55,138.35,4725.0
Mar 23 2022 3:10:00 PM,138.275,138.375,138.375,138.2,4205.0
Mar 23 2022 3:15:00 PM,138.2,138.275,138.275,138.1,8430.0
Mar 23 2022 3:20:00 PM,138.4,138.2,138.425,138.1,4784.0
Mar 23 2022 3:25:00 PM,138.225,138.4,138.425,138.2,3312.0
Mar 23 2022 3:30:00 PM,138.175,138.25,138.4,138.15,2786.0
Mar 23 2022 3:35:00 PM,138.425,138.15,138.45,138.1,3980.0
Mar 23 2022 3:40:00 PM,138.5,138.425,138.525,138.35,5563.0
Mar 23 2022 3:45:00 PM,138.775,138.5,138.85,138.5,5072.0
Mar 23 2022 3:50:00 PM,138.8,138.75,138.85,138.725,3678.0
Mar 23 2022 3:55:00 PM,138.625,138.8,138.825,138.6,1851.0
Mar 23 2022 4:00:00 PM,138.8,138.6,138.825,138.575,2175.0
Mar 23 2022 4:05:00 PM,138.8,138.8,138.875,138.8,2018.0
Mar 23 2022 4:10:00 PM,138.8,138.8,138.875,138.725,2089.0
Mar 23 2022 4:15:00 PM,138.9,138.8,138.95,138.8,1348.0
Mar 23 2022 4:20:00 PM,138.775,138.9,138.95,138.775,2017.0
Mar 23 2022 4:25:00 PM,138.8,138.775,138.875,138.775,1771.0
Mar 23 2022 4:30:00 PM,138.875,138.8,138.9,138.8,2356.0
Mar 23 2022 4:35:00 PM,138.925,138.875,139.0,138.875,2107.0
Mar 23 2022 4:40:00 PM,138.825,138.925,138.925,138.775,2030.0
Mar 23 2022 4:45:00 PM,138.925,138.85,138.975,138.825,1499.0
Mar 23 2022 4:50:00 PM,138.8,138.925,138.975,138.775,2628.0
Mar 23 2022 4:55:00 PM,138.95,138.8,138.95,138.8,1776.0
Mar 23 2022 5:00:00 PM,138.975,138.925,139.0,138.85,3343.0
Mar 23 2022 5:05:00 PM,138.95,138.975,139.0,138.9,4002.0
Mar 23 2022 5:10:00 PM,139.075,138.95,139.075,138.95,8177.0
Mar 23 2022 5:15:00 PM,139.1,139.075,139.125,139.0,7423.0
Mar 23 2022 5:20:00 PM,139.15,139.1,139.225,139.1,3095.0
Mar 23 2022 5:25:00 PM,139.45,139.15,139.5,139.125,3222.0
Mar 23 2022 5:30:00 PM,139.55,139.45,139.55,139.425,2852.0
Mar 23 2022 5:35:00 PM,139.525,139.55,139.55,139.425,3970.0
Mar 23 2022 5:40:00 PM,139.55,139.55,139.575,139.425,2774.0
Mar 23 2022 5:45:00 PM,139.45,139.55,139.675,139.45,3670.0
Mar 23 2022 5:50:00 PM,139.6,139.45,139.625,139.425,2646.0
Mar 23 2022 5:55:00 PM,139.725,139.6,139.75,139.575,3614.0
Mar 23 2022 6:00:00 PM,139.75,139.725,139.875,139.725,3754.0
Mar 23 2022 6:05:00 PM,139.575,139.75,139.775,139.575,3952.0
Mar 23 2022 6:10:00 PM,139.275,139.575,139.575,139.225,2709.0
Mar 23 2022 6:15:00 PM,139.375,139.275,139.4,139.225,1704.0
Mar 23 2022 6:20:00 PM,139.3,139.375,139.375,139.25,2330.0
Mar 23 2022 6:25:00 PM,139.35,139.3,139.45,139.3,1773.0
Mar 23 2022 6:30:00 PM,139.5,139.325,139.525,139.325,2849.0
Mar 23 2022 6:35:00 PM,139.5,139.5,139.55,139.475,5276.0
Mar 23 2022 6:40:00 PM,139.35,139.475,139.525,139.35,4159.0
Mar 23 2022 6:45:00 PM,139.35,139.35,139.375,139.3,2795.0
Mar 23 2022 6:50:00 PM,139.35,139.325,139.45,139.3,2291.0
Mar 23 2022 6:55:00 PM,139.325,139.35,139.475,139.3,9985.0
Mar 23 2022 7:00:00 PM,139.25,139.325,139.45,139.25,2777.0
Mar 23 2022 9:05:00 PM,139.7,139.7,139.7,139.7,2.0
Mar 23 2022 10:35:00 PM,139.7,139.7,139.7,139.7,2.0
Mar 24 2022 3:30:00 PM,136.73,136.55,136.73,136.53,957.0
Mar 24 2022 3:35:00 PM,136.75,136.73,136.75,136.63,430.0
Mar 24 2022 3:40:00 PM,136.78,136.73,136.8,136.63,1105.0
Mar 24 2022 3:45:00 PM,136.78,136.75,136.78,136.75,428.0
Mar 24 2022 3:50:00 PM,136.75,136.83,136.83,136.73,739.0
Mar 24 2022 3:55:00 PM,137.03,136.73,137.03,136.71,1139.0
Mar 24 2022 4:00:00 PM,136.75,137.01,137.03,136.73,1163.0
Mar 24 2022 4:05:00 PM,136.63,136.78,136.78,136.63,643.0
Mar 24 2022 4:10:00 PM,136.78,136.63,136.8,136.6,658.0
Mar 24 2022 4:15:00 PM,136.65,136.76,136.78,136.63,823.0
Mar 24 2022 4:20:00 PM,136.6,136.63,136.68,136.56,838.0
Mar 24 2022 4:25:00 PM,136.55,136.61,136.63,136.55,540.0
Mar 24 2022 4:30:00 PM,136.58,136.56,136.63,136.56,504.0
Mar 24 2022 4:35:00 PM,136.51,136.61,136.61,136.43,879.0
Mar 24 2022 4:40:00 PM,136.46,136.53,136.53,136.43,713.0
Mar 24 2022 4:45:00 PM,136.38,136.43,136.48,136.38,550.0
Mar 24 2022 4:50:00 PM,136.31,136.4,136.46,136.3,723.0
Mar 24 2022 4:55:00 PM,136.25,136.3,136.33,136.23,827.0
Mar 24 2022 5:00:00 PM,136.31,136.26,136.35,136.26,528.0
Mar 24 2022 5:05:00 PM,136.2,136.3,136.3,136.2,734.0
Mar 24 2022 5:10:00 PM,136.15,136.21,136.26,136.11,913.0
Mar 24 2022 5:15:00 PM,136.2,136.11,136.25,136.1,900.0
Mar 24 2022 5:20:00 PM,136.2,136.21,136.23,136.13,275.0
Mar 24 2022 5:25:00 PM,136.28,136.18,136.28,136.18,228.0
Mar 24 2022 5:30:00 PM,136.36,136.28,136.38,136.28,688.0
Mar 24 2022 5:35:00 PM,136.38,136.35,136.38,136.3,522.0
Mar 24 2022 5:40:00 PM,136.35,136.38,136.38,136.33,211.0
Mar 24 2022 5:45:00 PM,136.25,136.33,136.33,136.25,338.0
Mar 24 2022 5:50:00 PM,136.26,136.26,136.3,136.21,453.0
Mar 24 2022 5:55:00 PM,136.28,136.28,136.31,136.28,558.0
Mar 24 2022 6:00:00 PM,136.33,136.3,136.35,136.28,676.0
Mar 24 2022 6:05:00 PM,136.38,136.35,136.4,136.35,310.0
Mar 24 2022 6:10:00 PM,136.36,136.4,136.41,136.35,341.0
Mar 24 2022 6:15:00 PM,136.4,136.33,136.41,136.33,813.0
Mar 24 2022 6:20:00 PM,136.48,136.41,136.5,136.4,546.0
Mar 24 2022 6:25:00 PM,136.68,136.51,136.7,136.51,1080.0
Mar 24 2022 6:30:00 PM,136.82,136.68,136.82,136.66,896.0
Mar 24 2022 6:35:00 PM,136.78,136.78,136.8,136.75,418.0
Mar 24 2022 6:40:00 PM,136.88,136.78,136.88,136.78,560.0
Mar 24 2022 6:45:00 PM,136.84,136.91,136.93,136.81,1004.0
Mar 24 2022 6:50:00 PM,136.85,136.86,136.95,136.81,1308.0
Mar 24 2022 6:55:00 PM,136.91,136.83,136.95,136.8,3307.0
Mar 24 2022 7:00:00 PM,136.73,136.9,136.95,136.73,806.0
Mar 25 2022 3:30:00 PM,137.4,137.46,137.65,137.33,1374.0
Mar 25 2022 3:35:00 PM,137.53,137.41,137.55,137.41,950.0
Mar 25 2022 3:40:00 PM,137.33,137.48,137.53,137.33,958.0
Mar 25 2022 3:45:00 PM,137.18,137.36,137.41,137.16,735.0
Mar 25 2022 3:50:00 PM,137.23,137.21,137.23,137.06,796.0
Mar 25 2022 3:55:00 PM,137.26,137.25,137.38,137.25,716.0
Mar 25 2022 4:00:00 PM,137.31,137.28,137.33,137.2,681.0
Mar 25 2022 4:05:00 PM,137.28,137.25,137.28,137.2,717.0
Mar 25 2022 4:10:00 PM,137.4,137.26,137.4,137.23,588.0
Mar 25 2022 4:15:00 PM,137.33,137.38,137.38,137.31,454.0
Mar 25 2022 4:20:00 PM,137.3,137.33,137.33,137.23,513.0
Mar 25 2022 4:25:00 PM,137.36,137.31,137.36,137.3,377.0
Mar 25 2022 4:30:00 PM,137.35,137.38,137.41,137.35,603.0
Mar 25 2022 4:35:00 PM,137.33,137.33,137.33,137.25,433.0
Mar 25 2022 4:40:00 PM,137.38,137.33,137.39,137.33,420.0
Mar 25 2022 4:45:00 PM,137.45,137.4,137.48,137.4,583.0
Mar 25 2022 4:50:00 PM,137.35,137.43,137.45,137.33,508.0
Mar 25 2022 4:55:00 PM,137.3,137.38,137.38,137.23,326.0
Mar 25 2022 5:00:00 PM,137.35,137.28,137.36,137.26,508.0
Mar 25 2022 5:05:00 PM,137.36,137.36,137.38,137.35,262.0
Mar 25 2022 5:10:00 PM,137.16,137.35,137.35,137.13,787.0
Mar 25 2022 5:15:00 PM,137.18,137.17,137.23,137.16,655.0
Mar 25 2022 5:20:00 PM,137.18,137.16,137.18,137.16,441.0
Mar 25 2022 5:25:00 PM,137.06,137.2,137.21,137.0,1469.0
Mar 25 2022 5:30:00 PM,136.91,137.03,137.03,136.9,1000.0
Mar 25 2022 5:35:00 PM,137.03,136.9,137.03,136.9,798.0
Mar 25 2022 5:40:00 PM,137.23,137.03,137.23,137.03,700.0
Mar 25 2022 5:45:00 PM,137.33,137.26,137.33,137.25,401.0
Mar 25 2022 5:50:00 PM,137.4,137.33,137.4,137.31,876.0
Mar 25 2022 5:55:00 PM,137.33,137.38,137.38,137.3,555.0
Mar 25 2022 6:00:00 PM,137.35,137.36,137.41,137.31,579.0
Mar 25 2022 6:05:00 PM,137.33,137.33,137.35,137.28,536.0
Mar 25 2022 6:10:00 PM,137.26,137.33,137.33,137.23,387.0
Mar 25 2022 6:15:00 PM,137.26,137.25,137.28,137.23,356.0
Mar 25 2022 6:20:00 PM,137.23,137.25,137.28,137.2,494.0
Mar 25 2022 6:25:00 PM,137.18,137.26,137.28,137.18,407.0
Mar 25 2022 6:30:00 PM,137.2,137.21,137.23,137.18,798.0
Mar 25 2022 6:35:00 PM,137.21,137.18,137.26,137.18,667.0
Mar 25 2022 6:40:00 PM,137.33,137.23,137.33,137.23,782.0
Mar 25 2022 6:45:00 PM,137.31,137.35,137.4,137.26,1038.0
Mar 25 2022 6:50:00 PM,137.3,137.33,137.33,137.28,1382.0
Mar 25 2022 6:55:00 PM,137.33,137.28,137.43,137.28,3121.0
Mar 25 2022 7:00:00 PM,137.26,137.35,137.4,137.25,983.0
Mar 28 2022 3:30:00 PM,136.7,136.88,136.93,136.43,2080.0
Mar 28 2022 3:35:00 PM,137.01,136.7,137.05,136.6,1265.0
Mar 28 2022 3:40:00 PM,136.98,137.05,137.1,136.91,1307.0
Mar 28 2022 3:45:00 PM,136.9,137.0,137.06,136.88,1188.0
Mar 28 2022 3:50:00 PM,136.68,136.91,136.95,136.65,1451.0
Mar 28 2022 3:55:00 PM,136.58,136.68,136.68,136.5,1456.0
Mar 28 2022 4:00:00 PM,136.46,136.56,136.56,136.43,1326.0
Mar 28 2022 4:05:00 PM,136.48,136.48,136.51,136.45,830.0
Mar 28 2022 4:10:00 PM,136.33,136.48,136.48,136.33,1099.0
Mar 28 2022 4:15:00 PM,136.28,136.31,136.33,136.21,1078.0
Mar 28 2022 4:20:00 PM,136.45,136.26,136.46,136.25,918.0
Mar 28 2022 4:25:00 PM,136.48,136.48,136.56,136.45,952.0
Mar 28 2022 4:30:00 PM,136.6,136.46,136.6,136.45,624.0
Mar 28 2022 4:35:00 PM,136.68,136.58,136.73,136.58,686.0
Mar 28 2022 4:40:00 PM,136.78,136.68,136.81,136.68,765.0
Mar 28 2022 4:45:00 PM,136.73,136.76,136.8,136.63,1051.0
Mar 28 2022 4:50:00 PM,136.63,136.75,136.75,136.58,896.0
Mar 28 2022 4:55:00 PM,136.75,136.61,136.75,136.6,574.0
Mar 28 2022 5:00:00 PM,136.61,136.73,136.73,136.61,490.0
Mar 28 2022 5:05:00 PM,136.68,136.63,136.68,136.63,187.0
Mar 28 2022 5:10:00 PM,136.53,136.66,136.66,136.53,536.0
Mar 28 2022 5:15:00 PM,136.53,136.51,136.55,136.5,434.0
Mar 28 2022 5:20:00 PM,136.46,136.51,136.51,136.46,351.0
Mar 28 2022 5:25:00 PM,136.33,136.48,136.48,136.33,644.0
Mar 28 2022 5:30:00 PM,136.23,136.35,136.35,136.13,889.0
Mar 28 2022 5:35:00 PM,136.23,136.21,136.23,136.15,665.0
Mar 28 2022 5:40:00 PM,136.18,136.28,136.28,136.18,882.0
Mar 28 2022 5:45:00 PM,135.93,136.16,136.21,135.86,1238.0
Mar 28 2022 5:50:00 PM,136.08,135.96,136.13,135.95,845.0
Mar 28 2022 5:55:00 PM,136.13,136.1,136.15,136.1,337.0
Mar 28 2022 6:00:00 PM,136.13,136.13,136.18,136.1,779.0
Mar 28 2022 6:05:00 PM,136.18,136.11,136.18,136.05,489.0
Mar 28 2022 6:10:00 PM,136.13,136.16,136.2,136.06,627.0
Mar 28 2022 6:15:00 PM,136.1,136.15,136.15,136.05,341.0
Mar 28 2022 6:20:00 PM,136.2,136.11,136.3,136.11,846.0
Mar 28 2022 6:25:00 PM,136.26,136.18,136.3,136.16,538.0
Mar 28 2022 6:30:00 PM,136.2,136.25,136.25,136.16,529.0
Mar 28 2022 6:35:00 PM,136.18,136.18,136.25,136.18,328.0
Mar 28 2022 6:40:00 PM,136.28,136.18,136.3,136.18,315.0
Mar 28 2022 6:45:00 PM,136.28,136.3,136.41,136.26,1001.0
Mar 28 2022 6:50:00 PM,136.35,136.28,136.35,136.28,315.0
Mar 28 2022 6:55:00 PM,136.33,136.33,136.35,136.3,292.0
Mar 28 2022 7:00:00 PM,136.23,136.33,136.33,136.16,657.0
Mar 28 2022 7:05:00 PM,136.11,136.23,136.26,136.1,534.0
Mar 28 2022 7:10:00 PM,136.15,136.1,136.18,136.1,576.0
Mar 28 2022 7:15:00 PM,136.11,136.16,136.18,136.08,716.0
Mar 28 2022 7:20:00 PM,136.15,136.13,136.18,136.08,745.0
Mar 28 2022 7:25:00 PM,136.3,136.16,136.3,136.16,791.0
Mar 28 2022 7:30:00 PM,136.33,136.33,136.33,136.23,563.0
Mar 28 2022 7:35:00 PM,136.48,136.33,136.5,136.3,911.0
Mar 28 2022 7:40:00 PM,136.46,136.48,136.55,136.46,842.0
Mar 28 2022 7:45:00 PM,136.65,136.48,136.65,136.48,944.0
Mar 28 2022 7:50:00 PM,136.68,136.63,136.68,136.63,1047.0
Mar 28 2022 7:55:00 PM,136.73,136.65,136.78,136.6,3718.0
Mar 28 2022 8:00:00 PM,136.61,136.71,136.71,136.53,1381.0
Mar 29 2022 3:30:00 PM,136.88,137.11,137.13,136.83,2459.0
Mar 29 2022 3:35:00 PM,136.83,136.88,137.03,136.63,1418.0
Mar 29 2022 3:40:00 PM,137.38,136.85,137.38,136.85,2009.0
Mar 29 2022 3:45:00 PM,137.86,137.36,138.05,137.35,2986.0
Mar 29 2022 3:50:00 PM,137.88,137.88,137.98,137.78,1338.0
Mar 29 2022 3:55:00 PM,138.03,137.88,138.05,137.88,1197.0
Mar 29 2022 4:00:00 PM,137.86,138.03,138.13,137.83,1562.0
Mar 29 2022 4:05:00 PM,137.8,137.88,137.9,137.65,1293.0
Mar 29 2022 4:10:00 PM,137.78,137.81,137.9,137.75,1330.0
Mar 29 2022 4:15:00 PM,137.6,137.75,137.85,137.6,1213.0
Mar 29 2022 4:20:00 PM,137.53,137.58,137.61,137.53,1085.0
Mar 29 2022 4:25:00 PM,137.5,137.55,137.58,137.45,1023.0
Mar 29 2022 4:30:00 PM,137.81,137.51,137.83,137.48,1603.0
Mar 29 2022 4:35:00 PM,137.88,137.8,137.93,137.8,1217.0
Mar 29 2022 4:40:00 PM,137.9,137.88,137.93,137.88,997.0
Mar 29 2022 4:45:00 PM,137.93,137.91,137.93,137.85,1190.0
Mar 29 2022 4:50:00 PM,137.93,137.93,137.98,137.93,1122.0
Mar 29 2022 4:55:00 PM,138.03,137.95,138.03,137.93,806.0
Mar 29 2022 5:00:00 PM,138.0,138.03,138.16,138.0,1050.0
Mar 29 2022 5:05:00 PM,138.01,138.01,138.03,137.98,570.0
Mar 29 2022 5:10:00 PM,137.95,138.0,138.03,137.9,946.0
Mar 29 2022 5:15:00 PM,137.88,137.93,137.93,137.85,810.0
Mar 29 2022 5:20:00 PM,137.8,137.88,137.9,137.75,1041.0
Mar 29 2022 5:25:00 PM,138.08,137.83,138.08,137.8,1050.0
Mar 29 2022 5:30:00 PM,137.98,138.05,138.13,137.98,1145.0
Mar 29 2022 5:35:00 PM,138.1,137.98,138.15,137.98,826.0
Mar 29 2022 5:40:00 PM,138.13,138.11,138.13,138.08,1099.0
Mar 29 2022 5:45:00 PM,138.25,138.13,138.25,138.1,1185.0
Mar 29 2022 5:50:00 PM,138.35,138.23,138.36,138.23,1093.0
Mar 29 2022 5:55:00 PM,138.23,138.33,138.33,138.18,991.0
Mar 29 2022 6:00:00 PM,138.23,138.23,138.28,138.18,719.0
Mar 29 2022 6:05:00 PM,138.3,138.26,138.35,138.26,761.0
Mar 29 2022 6:10:00 PM,138.3,138.31,138.33,138.25,892.0
Mar 29 2022 6:15:00 PM,138.18,138.28,138.3,138.15,869.0
Mar 29 2022 6:20:00 PM,138.23,138.18,138.28,138.18,609.0
Mar 29 2022 6:25:00 PM,138.13,138.23,138.23,138.08,607.0
Mar 29 2022 6:30:00 PM,138.15,138.11,138.16,138.06,685.0
Mar 29 2022 6:35:00 PM,138.1,138.13,138.15,138.1,259.0
Mar 29 2022 6:40:00 PM,138.16,138.13,138.18,138.08,784.0
Mar 29 2022 6:45:00 PM,138.2,138.15,138.21,138.13,605.0
Mar 29 2022 6:50:00 PM,138.18,138.18,138.2,138.16,486.0
Mar 29 2022 6:55:00 PM,138.16,138.18,138.2,138.13,727.0
Mar 29 2022 7:00:00 PM,138.21,138.18,138.23,138.18,474.0
Mar 29 2022 7:05:00 PM,138.18,138.23,138.23,138.16,618.0
Mar 29 2022 7:10:00 PM,138.25,138.18,138.28,138.18,462.0
Mar 29 2022 7:15:00 PM,138.35,138.26,138.35,138.25,517.0
Mar 29 2022 7:20:00 PM,138.28,138.33,138.33,138.28,901.0
Mar 29 2022 7:25:00 PM,138.3,138.28,138.3,138.28,706.0
Mar 29 2022 7:30:00 PM,138.48,138.28,138.48,138.28,1329.0
Mar 29 2022 7:35:00 PM,138.38,138.48,138.48,138.38,669.0
Mar 29 2022 7:40:00 PM,138.33,138.4,138.43,138.33,744.0
Mar 29 2022 7:45:00 PM,138.41,138.35,138.45,138.35,660.0
Mar 29 2022 7:50:00 PM,138.4,138.43,138.45,138.4,1245.0
Mar 29 2022 7:55:00 PM,138.43,138.43,138.45,138.35,4217.0
Mar 29 2022 8:00:00 PM,138.33,138.41,138.41,138.18,1621.0
Mar 30 2022 3:30:00 PM,138.31,138.24,138.38,138.13,2973.0
Mar 30 2022 3:35:00 PM,138.26,138.3,138.31,138.23,1906.0
Mar 30 2022 3:40:00 PM,138.26,138.28,138.33,138.23,1386.0
Mar 30 2022 3:45:00 PM,138.28,138.25,138.33,138.25,1915.0
Mar 30 2022 3:50:00 PM,138.23,138.31,138.38,138.21,1653.0
Mar 30 2022 3:55:00 PM,138.03,138.21,138.23,138.0,1968.0
Mar 30 2022 4:00:00 PM,137.81,138.05,138.05,137.73,2017.0
Mar 30 2022 4:05:00 PM,137.83,137.83,138.03,137.78,1564.0
Mar 30 2022 4:10:00 PM,137.91,137.8,137.95,137.76,1577.0
Mar 30 2022 4:15:00 PM,137.63,137.9,137.93,137.5,1840.0
Mar 30 2022 4:20:00 PM,137.6,137.61,137.66,137.53,1240.0
Mar 30 2022 4:25:00 PM,137.7,137.58,137.7,137.55,1031.0
Mar 30 2022 4:30:00 PM,137.75,137.71,137.75,137.63,1050.0
Mar 30 2022 4:35:00 PM,137.91,137.75,137.93,137.75,1128.0
Mar 30 2022 4:40:00 PM,137.83,137.93,137.95,137.8,960.0
Mar 30 2022 4:45:00 PM,137.85,137.83,137.88,137.8,580.0
Mar 30 2022 4:50:00 PM,137.88,137.83,137.98,137.83,924.0
Mar 30 2022 4:55:00 PM,137.98,137.85,137.98,137.85,551.0
Mar 30 2022 5:00:00 PM,138.03,138.0,138.08,137.96,573.0
Mar 30 2022 5:05:00 PM,138.01,138.01,138.05,138.0,821.0
Mar 30 2022 5:10:00 PM,138.16,138.0,138.18,138.0,1015.0
Mar 30 2022 5:15:00 PM,138.13,138.18,138.2,138.1,634.0
Mar 30 2022 5:20:00 PM,138.13,138.18,138.18,138.11,549.0
Mar 30 2022 5:25:00 PM,138.15,138.15,138.18,138.11,539.0
Mar 30 2022 5:30:00 PM,138.23,138.18,138.23,138.15,682.0
Mar 30 2022 5:35:00 PM,138.03,138.2,138.2,138.0,955.0
Mar 30 2022 5:40:00 PM,138.0,138.03,138.03,138.0,671.0
Mar 30 2022 5:45:00 PM,137.8,138.01,138.01,137.8,705.0
Mar 30 2022 5:50:00 PM,137.91,137.83,137.95,137.78,1067.0
Mar 30 2022 5:55:00 PM,137.98,137.88,137.98,137.86,514.0
Mar 30 2022 6:00:00 PM,138.01,137.96,138.03,137.93,1046.0
Mar 30 2022 6:05:00 PM,138.03,138.03,138.05,138.0,543.0
Mar 30 2022 6:10:00 PM,137.91,138.01,138.01,137.91,552.0
Mar 30 2022 6:15:00 PM,138.18,137.93,138.18,137.93,1106.0
Mar 30 2022 6:20:00 PM,138.21,138.18,138.21,138.18,756.0
Mar 30 2022 6:25:00 PM,138.28,138.2,138.28,138.16,615.0
Mar 30 2022 6:30:00 PM,138.36,138.3,138.38,138.28,1017.0
Mar 30 2022 6:35:00 PM,138.33,138.35,138.38,138.31,679.0
Mar 30 2022 6:40:00 PM,138.38,138.33,138.38,138.33,550.0
Mar 30 2022 6:45:00 PM,138.33,138.38,138.43,138.33,773.0
Mar 30 2022 6:50:00 PM,138.28,138.33,138.33,138.28,673.0
Mar 30 2022 6:55:00 PM,138.33,138.3,138.33,138.25,608.0
Mar 30 2022 7:00:00 PM,138.15,138.31,138.31,138.13,699.0
Mar 30 2022 7:05:00 PM,138.08,138.16,138.16,138.08,760.0
Mar 30 2022 7:10:00 PM,138.06,138.06,138.06,137.98,568.0
Mar 30 2022 7:15:00 PM,138.03,138.08,138.13,138.0,413.0
Mar 30 2022 7:20:00 PM,138.08,138.03,138.1,138.03,647.0
Mar 30 2022 7:25:00 PM,138.05,138.08,138.08,138.0,733.0
Mar 30 2022 7:30:00 PM,138.13,138.08,138.2,138.08,1066.0
Mar 30 2022 7:35:00 PM,138.13,138.13,138.16,138.13,746.0
Mar 30 2022 7:40:00 PM,138.0,138.13,138.13,137.95,1831.0
Mar 30 2022 7:45:00 PM,137.9,137.96,137.98,137.9,1034.0
Mar 30 2022 7:50:00 PM,137.96,137.93,138.0,137.83,1282.0
Mar 30 2022 7:55:00 PM,137.96,137.95,138.03,137.88,3224.0
Mar 30 2022 8:00:00 PM,137.98,137.93,138.03,137.88,1438.0
Mar 31 2022 3:30:00 PM,137.85,137.98,137.98,137.26,2307.0
Mar 31 2022 3:35:00 PM,137.83,137.86,137.9,137.68,1568.0
Mar 31 2022 3:40:00 PM,137.95,137.86,137.95,137.83,831.0
Mar 31 2022 3:45:00 PM,137.86,137.96,137.98,137.86,1183.0
Mar 31 2022 3:50:00 PM,137.93,137.85,137.93,137.81,1410.0
Mar 31 2022 3:55:00 PM,137.71,137.9,137.9,137.63,1609.0
Mar 31 2022 4:00:00 PM,137.63,137.73,137.73,137.63,831.0
Mar 31 2022 4:05:00 PM,137.53,137.66,137.7,137.48,1483.0
Mar 31 2022 4:10:00 PM,137.4,137.53,137.55,137.38,1281.0
Mar 31 2022 4:15:00 PM,137.45,137.43,137.53,137.38,1314.0
Mar 31 2022 4:20:00 PM,137.25,137.43,137.45,137.23,1247.0
Mar 31 2022 4:25:00 PM,137.26,137.23,137.3,137.18,1208.0
Mar 31 2022 4:30:00 PM,137.28,137.23,137.33,137.21,1491.0
Mar 31 2022 4:35:00 PM,137.23,137.26,137.3,137.16,1112.0
Mar 31 2022 4:40:00 PM,137.1,137.23,137.23,137.05,1086.0
Mar 31 2022 4:45:00 PM,137.08,137.05,137.18,136.95,1408.0
Mar 31 2022 4:50:00 PM,137.08,137.08,137.1,136.98,1314.0
Mar 31 2022 4:55:00 PM,137.16,137.1,137.18,136.98,1488.0
Mar 31 2022 5:00:00 PM,137.13,137.11,137.23,137.08,1112.0
Mar 31 2022 5:05:00 PM,137.08,137.15,137.15,137.08,823.0
Mar 31 2022 5:10:00 PM,137.13,137.06,137.13,137.06,1022.0
Mar 31 2022 5:15:00 PM,137.36,137.13,137.38,137.13,1157.0
Mar 31 2022 5:20:00 PM,137.41,137.38,137.48,137.31,968.0
Mar 31 2022 5:25:00 PM,137.33,137.4,137.43,137.31,550.0
Mar 31 2022 5:30:00 PM,137.33,137.33,137.35,137.3,489.0
Mar 31 2022 5:35:00 PM,137.4,137.33,137.43,137.33,646.0
Mar 31 2022 5:40:00 PM,137.43,137.38,137.43,137.35,404.0
Mar 31 2022 5:45:00 PM,137.43,137.43,137.45,137.38,556.0
Mar 31 2022 5:50:00 PM,137.41,137.43,137.45,137.36,659.0
Mar 31 2022 5:55:00 PM,137.45,137.4,137.45,137.36,625.0
Mar 31 2022 6:00:00 PM,137.46,137.43,137.5,137.35,1473.0
Mar 31 2022 6:05:00 PM,137.36,137.48,137.48,137.33,1473.0
Mar 31 2022 6:10:00 PM,137.5,137.35,137.5,137.33,1628.0
Mar 31 2022 6:15:00 PM,137.45,137.53,137.55,137.43,1542.0
Mar 31 2022 6:20:00 PM,137.4,137.46,137.48,137.38,1362.0
Mar 31 2022 6:25:00 PM,137.23,137.38,137.38,137.21,1731.0
Mar 31 2022 6:30:00 PM,137.3,137.23,137.3,137.23,1094.0
Mar 31 2022 6:35:00 PM,137.23,137.28,137.33,137.23,791.0
Mar 31 2022 6:40:00 PM,137.23,137.23,137.3,137.2,1074.0
Mar 31 2022 6:45:00 PM,137.11,137.21,137.25,137.08,1328.0
Mar 31 2022 6:50:00 PM,137.16,137.13,137.16,137.03,1142.0
Mar 31 2022 6:55:00 PM,137.13,137.13,137.23,137.13,973.0
Mar 31 2022 7:00:00 PM,137.03,137.16,137.16,137.03,1270.0
Mar 31 2022 7:05:00 PM,136.98,137.03,137.06,136.93,1458.0
Mar 31 2022 7:10:00 PM,137.05,136.98,137.05,136.93,937.0
Mar 31 2022 7:15:00 PM,137.15,137.03,137.18,137.03,803.0
Mar 31 2022 7:20:00 PM,137.18,137.13,137.25,137.13,710.0
Mar 31 2022 7:25:00 PM,137.18,137.2,137.28,137.18,828.0
Mar 31 2022 7:30:00 PM,137.21,137.2,137.25,137.18,751.0
Mar 31 2022 7:35:00 PM,137.33,137.23,137.36,137.23,761.0
Mar 31 2022 7:40:00 PM,137.26,137.31,137.33,137.25,1133.0
Mar 31 2022 7:45:00 PM,137.31,137.25,137.33,137.23,1437.0
Mar 31 2022 7:50:00 PM,137.23,137.28,137.3,137.23,1637.0
Mar 31 2022 7:55:00 PM,137.06,137.21,137.21,136.96,4910.0
Mar 31 2022 8:00:00 PM,136.96,137.06,137.08,136.93,1506.0
Apr 1 2022 3:30:00 PM,137.48,137.22,137.81,137.18,2206.0
Apr 1 2022 3:35:00 PM,137.26,137.5,137.55,137.26,1547.0
Apr 1 2022 3:40:00 PM,137.35,137.28,137.35,137.13,1720.0
Apr 1 2022 3:45:00 PM,137.35,137.33,137.43,137.33,952.0
Apr 1 2022 3:50:00 PM,137.15,137.31,137.33,137.15,1554.0
Apr 1 2022 3:55:00 PM,137.38,137.18,137.38,137.18,1346.0
Apr 1 2022 4:00:00 PM,137.36,137.38,137.51,137.33,1631.0
Apr 1 2022 4:05:00 PM,137.06,137.35,137.36,137.0,1458.0
Apr 1 2022 4:10:00 PM,137.15,137.08,137.23,137.08,1220.0
Apr 1 2022 4:15:00 PM,137.18,137.16,137.23,137.1,1026.0
Apr 1 2022 4:20:00 PM,137.0,137.2,137.2,136.98,1342.0
Apr 1 2022 4:25:00 PM,136.96,137.01,137.1,136.96,1195.0
Apr 1 2022 4:30:00 PM,136.88,136.98,136.98,136.73,1574.0
Apr 1 2022 4:35:00 PM,136.96,136.86,136.96,136.78,1397.0
Apr 1 2022 4:40:00 PM,136.93,136.98,137.03,136.93,882.0
Apr 1 2022 4:45:00 PM,136.91,136.95,137.03,136.91,767.0
Apr 1 2022 4:50:00 PM,136.75,136.88,136.88,136.7,1215.0
Apr 1 2022 4:55:00 PM,136.8,136.76,136.83,136.68,1340.0
Apr 1 2022 5:00:00 PM,136.86,136.81,136.88,136.65,1330.0
Apr 1 2022 5:05:00 PM,136.83,136.88,136.88,136.75,699.0
Apr 1 2022 5:10:00 PM,136.75,136.8,136.83,136.75,772.0
Apr 1 2022 5:15:00 PM,136.88,136.78,136.88,136.73,937.0
Apr 1 2022 5:20:00 PM,136.78,136.86,136.91,136.78,847.0
Apr 1 2022 5:25:00 PM,136.85,136.76,136.85,136.73,897.0
Apr 1 2022 5:30:00 PM,136.78,136.83,136.85,136.78,666.0
Apr 1 2022 5:35:00 PM,136.78,136.78,136.85,136.78,737.0
Apr 1 2022 5:40:00 PM,136.7,136.76,136.76,136.68,832.0
Apr 1 2022 5:45:00 PM,136.36,136.68,136.7,136.33,1435.0
Apr 1 2022 5:50:00 PM,136.26,136.35,136.35,136.25,1056.0
Apr 1 2022 5:55:00 PM,136.23,136.28,136.31,136.08,1594.0
Apr 1 2022 6:00:00 PM,136.11,136.23,136.23,136.1,1028.0
Apr 1 2022 6:05:00 PM,136.26,136.1,136.33,136.05,1170.0
Apr 1 2022 6:10:00 PM,136.08,136.25,136.25,136.08,928.0
Apr 1 2022 6:15:00 PM,135.73,136.06,136.06,135.7,1882.0
Apr 1 2022 6:20:00 PM,136.06,135.75,136.1,135.66,1656.0
Apr 1 2022 6:25:00 PM,136.05,136.08,136.2,136.03,1176.0
Apr 1 2022 6:30:00 PM,135.96,136.06,136.08,135.83,1305.0
Apr 1 2022 6:35:00 PM,136.0,135.98,136.03,135.88,648.0
Apr 1 2022 6:40:00 PM,136.06,135.98,136.1,135.98,765.0
Apr 1 2022 6:45:00 PM,135.96,136.08,136.1,135.93,896.0
Apr 1 2022 6:50:00 PM,135.9,135.95,135.98,135.9,763.0
Apr 1 2022 6:55:00 PM,135.98,135.93,136.05,135.91,620.0
Apr 1 2022 7:00:00 PM,135.95,136.0,136.05,135.95,680.0
Apr 1 2022 7:05:00 PM,136.03,135.96,136.05,135.96,588.0
Apr 1 2022 7:10:00 PM,136.1,136.01,136.1,135.98,559.0
Apr 1 2022 7:15:00 PM,136.21,136.08,136.23,136.08,977.0
Apr 1 2022 7:20:00 PM,136.26,136.23,136.28,136.18,796.0
Apr 1 2022 7:25:00 PM,136.31,136.28,136.31,136.25,550.0
Apr 1 2022 7:30:00 PM,136.3,136.33,136.35,136.23,921.0
Apr 1 2022 7:35:00 PM,136.18,136.28,136.28,136.18,606.0
Apr 1 2022 7:40:00 PM,136.1,136.16,136.16,136.05,893.0
Apr 1 2022 7:45:00 PM,135.93,136.08,136.18,135.93,1467.0
Apr 1 2022 7:50:00 PM,135.85,135.91,135.91,135.83,1702.0
Apr 1 2022 7:55:00 PM,135.85,135.86,135.9,135.63,3941.0
Apr 1 2022 8:00:00 PM,135.48,135.81,135.85,135.43,1540.0
Apr 4 2022 3:30:00 PM,135.58,135.39,135.75,135.16,2681.0
Apr 4 2022 3:35:00 PM,135.78,135.58,135.83,135.53,1657.0
Apr 4 2022 3:40:00 PM,135.95,135.76,136.05,135.75,1456.0
Apr 4 2022 3:45:00 PM,136.1,135.93,136.3,135.93,1247.0
Apr 4 2022 3:50:00 PM,136.1,136.08,136.13,136.08,1017.0
Apr 4 2022 3:55:00 PM,136.1,136.08,136.21,136.08,984.0
Apr 4 2022 4:00:00 PM,135.98,136.08,136.18,135.98,1355.0
Apr 4 2022 4:05:00 PM,135.91,135.98,135.98,135.85,1271.0
Apr 4 2022 4:10:00 PM,135.85,135.93,136.05,135.75,1753.0
Apr 4 2022 4:15:00 PM,135.83,135.88,135.95,135.78,1114.0
Apr 4 2022 4:20:00 PM,135.68,135.85,135.85,135.68,864.0
Apr 4 2022 4:25:00 PM,135.48,135.7,135.73,135.46,1487.0
Apr 4 2022 4:30:00 PM,135.28,135.46,135.51,135.11,2165.0
Apr 4 2022 4:35:00 PM,135.68,135.28,135.68,135.28,1582.0
Apr 4 2022 4:40:00 PM,135.38,135.68,135.68,135.38,865.0
Apr 4 2022 4:45:00 PM,135.33,135.38,135.53,135.33,973.0
Apr 4 2022 4:50:00 PM,135.26,135.31,135.48,135.26,757.0
Apr 4 2022 4:55:00 PM,135.05,135.25,135.25,135.0,1003.0
Apr 4 2022 5:00:00 PM,135.1,135.03,135.13,134.88,1071.0
Apr 4 2022 5:05:00 PM,135.1,135.08,135.28,135.03,667.0
Apr 4 2022 5:10:00 PM,134.83,135.08,135.13,134.83,1274.0
Apr 4 2022 5:15:00 PM,134.98,134.85,134.98,134.78,954.0
Apr 4 2022 5:20:00 PM,134.95,134.98,135.05,134.91,1085.0
Apr 4 2022 5:25:00 PM,135.13,134.98,135.13,134.93,1289.0
Apr 4 2022 5:30:00 PM,135.03,135.13,135.21,134.96,1023.0
Apr 4 2022 5:35:00 PM,134.91,135.0,135.0,134.88,658.0
Apr 4 2022 5:40:00 PM,135.05,134.93,135.05,134.88,908.0
Apr 4 2022 5:45:00 PM,134.98,135.05,135.08,134.96,515.0
Apr 4 2022 5:50:00 PM,134.95,134.98,135.0,134.95,607.0
Apr 4 2022 5:55:00 PM,134.85,134.93,134.93,134.8,890.0
Apr 4 2022 6:00:00 PM,134.71,134.86,134.88,134.7,1179.0
Apr 4 2022 6:05:00 PM,134.73,134.7,134.78,134.7,902.0
Apr 4 2022 6:10:00 PM,134.56,134.71,134.71,134.45,1575.0
Apr 4 2022 6:15:00 PM,134.4,134.58,134.58,134.35,1642.0
Apr 4 2022 6:20:00 PM,134.18,134.41,134.41,134.08,2207.0
Apr 4 2022 6:25:00 PM,134.25,134.2,134.33,134.18,1237.0
Apr 4 2022 6:30:00 PM,134.03,134.23,134.28,133.93,1594.0
Apr 4 2022 6:35:00 PM,134.11,134.05,134.13,133.85,1761.0
Apr 4 2022 6:40:00 PM,134.16,134.13,134.26,134.08,985.0
Apr 4 2022 6:45:00 PM,134.03,134.15,134.15,133.98,892.0
Apr 4 2022 6:50:00 PM,133.98,134.01,134.03,133.98,656.0
Apr 4 2022 6:55:00 PM,134.16,133.98,134.16,133.88,1086.0
Apr 4 2022 7:00:00 PM,134.08,134.15,134.18,134.03,1094.0
Apr 4 2022 7:05:00 PM,134.13,134.1,134.2,134.03,775.0
Apr 4 2022 7:10:00 PM,134.18,134.13,134.18,134.1,784.0
Apr 4 2022 7:15:00 PM,134.21,134.16,134.33,134.06,1061.0
Apr 4 2022 7:20:00 PM,134.41,134.23,134.51,134.18,1376.0
Apr 4 2022 7:25:00 PM,134.75,134.4,134.83,134.4,2099.0
Apr 4 2022 7:30:00 PM,134.93,134.76,135.13,134.76,2323.0
Apr 4 2022 7:35:00 PM,135.08,134.95,135.11,134.95,1309.0
Apr 4 2022 7:40:00 PM,135.01,135.08,135.13,134.98,1310.0
Apr 4 2022 7:45:00 PM,135.43,135.03,135.45,135.03,1706.0
Apr 4 2022 7:50:00 PM,135.18,135.43,135.53,135.1,1774.0
Apr 4 2022 7:55:00 PM,134.75,135.2,135.35,134.75,3680.0
Apr 4 2022 8:00:00 PM,134.95,134.78,135.03,134.78,1416.0
Apr 5 2022 3:30:00 PM,134.93,135.06,135.13,134.7,1868.0
Apr 5 2022 3:35:00 PM,134.75,134.9,135.03,134.68,1404.0
Apr 5 2022 3:40:00 PM,134.73,134.73,134.86,134.7,1198.0
Apr 5 2022 3:45:00 PM,134.53,134.68,134.86,134.48,1336.0
Apr 5 2022 3:50:00 PM,134.75,134.53,134.78,134.53,1197.0
Apr 5 2022 3:55:00 PM,134.63,134.73,134.73,134.63,617.0
Apr 5 2022 4:00:00 PM,134.55,134.63,134.65,134.48,1177.0
Apr 5 2022 4:05:00 PM,134.25,134.53,134.55,134.08,1931.0
Apr 5 2022 4:10:00 PM,133.93,134.18,134.25,133.8,1459.0
Apr 5 2022 4:15:00 PM,134.08,133.93,134.08,133.9,1392.0
Apr 5 2022 4:20:00 PM,134.21,134.05,134.23,134.0,1330.0
Apr 5 2022 4:25:00 PM,134.38,134.23,134.38,134.16,1150.0
Apr 5 2022 4:30:00 PM,134.28,134.36,134.36,134.18,830.0
Apr 5 2022 4:35:00 PM,134.33,134.28,134.36,134.23,673.0
Apr 5 2022 4:40:00 PM,134.43,134.35,134.43,134.3,723.0
Apr 5 2022 4:45:00 PM,134.43,134.41,134.58,134.3,859.0
Apr 5 2022 4:50:00 PM,134.06,134.43,134.45,133.98,937.0
Apr 5 2022 4:55:00 PM,134.05,134.05,134.08,133.98,701.0
Apr 5 2022 5:00:00 PM,134.38,134.03,134.43,134.03,1092.0
Apr 5 2022 5:05:00 PM,134.2,134.36,134.51,134.15,890.0
Apr 5 2022 5:10:00 PM,134.06,134.18,134.2,134.03,784.0
Apr 5 2022 5:15:00 PM,134.05,134.06,134.11,133.98,498.0
Apr 5 2022 5:20:00 PM,133.81,134.03,134.06,133.8,1436.0
Apr 5 2022 5:25:00 PM,133.71,133.83,133.88,133.4,1570.0
Apr 5 2022 5:30:00 PM,133.73,133.71,133.9,133.55,1197.0
Apr 5 2022 5:35:00 PM,133.81,133.75,133.93,133.75,685.0
Apr 5 2022 5:40:00 PM,133.73,133.83,133.83,133.68,768.0
Apr 5 2022 5:45:00 PM,133.36,133.7,133.71,133.23,2110.0
Apr 5 2022 5:50:00 PM,133.48,133.36,133.5,133.11,1267.0
Apr 5 2022 5:55:00 PM,133.63,133.48,133.75,133.43,1658.0
Apr 5 2022 6:00:00 PM,133.63,133.65,133.95,133.58,1549.0
Apr 5 2022 6:05:00 PM,133.56,133.7,133.8,133.4,1073.0
Apr 5 2022 6:10:00 PM,133.55,133.53,133.78,133.53,959.0
Apr 5 2022 6:15:00 PM,133.61,133.53,133.68,133.5,865.0
Apr 5 2022 6:20:00 PM,133.78,133.63,133.93,133.61,1129.0
Apr 5 2022 6:25:00 PM,133.71,133.78,133.93,133.71,1328.0
Apr 5 2022 6:30:00 PM,133.73,133.7,133.75,133.63,962.0
Apr 5 2022 6:35:00 PM,133.63,133.71,133.73,133.61,464.0
Apr 5 2022 6:40:00 PM,133.66,133.61,133.76,133.61,690.0
Apr 5 2022 6:45:00 PM,133.51,133.65,133.65,133.5,1123.0
Apr 5 2022 6:50:00 PM,133.56,133.53,133.63,133.51,841.0
Apr 5 2022 6:55:00 PM,133.5,133.55,133.6,133.38,1835.0
Apr 5 2022 7:00:00 PM,133.43,133.53,133.55,133.38,1087.0
Apr 5 2022 7:05:00 PM,133.4,133.43,133.46,133.38,598.0
Apr 5 2022 7:10:00 PM,133.48,133.38,133.48,133.38,472.0
Apr 5 2022 7:15:00 PM,133.43,133.46,133.48,133.41,532.0
Apr 5 2022 7:20:00 PM,133.25,133.43,133.45,133.25,1111.0
Apr 5 2022 7:25:00 PM,133.25,133.26,133.28,133.18,944.0
Apr 5 2022 7:30:00 PM,133.31,133.23,133.4,133.18,1278.0
Apr 5 2022 7:35:00 PM,133.2,133.3,133.3,133.13,869.0
Apr 5 2022 7:40:00 PM,133.18,133.18,133.2,133.08,1025.0
Apr 5 2022 7:45:00 PM,133.28,133.23,133.4,133.18,1910.0
Apr 5 2022 7:50:00 PM,133.13,133.26,133.4,133.13,2079.0
Apr 5 2022 7:55:00 PM,133.3,133.13,133.38,133.13,4104.0
Apr 5 2022 8:00:00 PM,133.53,133.31,133.56,133.26,1299.0
Apr 6 2022 3:30:00 PM,133.36,133.48,133.66,133.31,3190.0
Apr 6 2022 3:35:00 PM,133.05,133.35,133.43,132.98,1665.0
Apr 6 2022 3:40:00 PM,133.15,133.03,133.16,133.03,899.0
Apr 6 2022 3:45:00 PM,133.3,133.13,133.36,133.03,1493.0
Apr 6 2022 3:50:00 PM,133.25,133.33,133.33,133.2,1283.0
Apr 6 2022 3:55:00 PM,133.08,133.23,133.28,133.08,1120.0
Apr 6 2022 4:00:00 PM,132.65,133.06,133.11,132.65,1546.0
Apr 6 2022 4:05:00 PM,132.48,132.66,132.66,132.48,1768.0
Apr 6 2022 4:10:00 PM,132.68,132.51,132.78,132.45,1678.0
Apr 6 2022 4:15:00 PM,132.86,132.65,133.0,132.65,1465.0
Apr 6 2022 4:20:00 PM,132.73,132.88,132.93,132.7,1558.0
Apr 6 2022 4:25:00 PM,133.13,132.71,133.15,132.68,1173.0
Apr 6 2022 4:30:00 PM,133.4,133.15,133.4,133.13,984.0
Apr 6 2022 4:35:00 PM,133.4,133.38,133.4,133.23,1013.0
Apr 6 2022 4:40:00 PM,133.5,133.41,133.53,133.36,1064.0
Apr 6 2022 4:45:00 PM,133.7,133.54,133.78,133.48,1475.0
Apr 6 2022 4:50:00 PM,133.7,133.68,133.8,133.56,1034.0
Apr 6 2022 4:55:00 PM,133.73,133.68,133.78,133.68,769.0
Apr 6 2022 5:00:00 PM,133.78,133.75,133.78,133.58,883.0
Apr 6 2022 5:05:00 PM,133.85,133.76,133.85,133.68,642.0
Apr 6 2022 5:10:00 PM,134.08,133.86,134.21,133.83,977.0
Apr 6 2022 5:15:00 PM,133.81,134.1,134.13,133.8,886.0
Apr 6 2022 5:20:00 PM,133.71,133.78,133.86,133.7,657.0
Apr 6 2022 5:25:00 PM,133.88,133.73,134.03,133.71,711.0
Apr 6 2022 5:30:00 PM,134.13,133.86,134.18,133.83,788.0
Apr 6 2022 5:35:00 PM,134.08,134.1,134.16,133.98,510.0
Apr 6 2022 5:40:00 PM,134.08,134.06,134.25,133.98,865.0
Apr 6 2022 5:45:00 PM,134.1,134.08,134.15,134.08,283.0
Apr 6 2022 5:50:00 PM,134.23,134.08,134.28,134.05,1012.0
Apr 6 2022 5:55:00 PM,134.3,134.23,134.31,134.23,731.0
Apr 6 2022 6:00:00 PM,134.41,134.33,134.53,134.33,1223.0
Apr 6 2022 6:05:00 PM,134.3,134.4,134.48,134.28,848.0
Apr 6 2022 6:10:00 PM,134.28,134.26,134.35,134.23,809.0
Apr 6 2022 6:15:00 PM,134.3,134.28,134.4,134.28,736.0
Apr 6 2022 6:20:00 PM,134.24,134.28,134.33,134.23,408.0
Apr 6 2022 6:25:00 PM,133.98,134.23,134.25,133.98,866.0
Apr 6 2022 6:30:00 PM,133.88,133.98,134.01,133.85,764.0
Apr 6 2022 6:35:00 PM,133.9,133.86,133.96,133.83,446.0
Apr 6 2022 6:40:00 PM,134.16,133.93,134.18,133.93,725.0
Apr 6 2022 6:45:00 PM,134.2,134.2,134.28,134.18,667.0
Apr 6 2022 6:50:00 PM,134.15,134.21,134.3,134.08,772.0
Apr 6 2022 6:55:00 PM,134.28,134.16,134.3,134.16,522.0
Apr 6 2022 7:00:00 PM,134.38,134.28,134.4,134.28,595.0
Apr 6 2022 7:05:00 PM,134.48,134.38,134.51,134.33,603.0
Apr 6 2022 7:10:00 PM,134.33,134.46,134.46,134.28,552.0
Apr 6 2022 7:15:00 PM,134.36,134.33,134.43,134.33,433.0
Apr 6 2022 7:20:00 PM,134.25,134.38,134.38,134.23,390.0
Apr 6 2022 7:25:00 PM,134.21,134.26,134.28,134.18,403.0
Apr 6 2022 7:30:00 PM,134.28,134.23,134.33,134.21,684.0
Apr 6 2022 7:35:00 PM,134.25,134.26,134.3,134.21,430.0
Apr 6 2022 7:40:00 PM,134.3,134.26,134.33,134.26,658.0
Apr 6 2022 7:45:00 PM,134.3,134.33,134.4,134.3,896.0
Apr 6 2022 7:50:00 PM,134.28,134.31,134.33,134.28,854.0
Apr 6 2022 7:55:00 PM,134.16,134.28,134.31,134.08,2703.0
Apr 6 2022 8:00:00 PM,134.08,134.18,134.2,134.01,881.0
Apr 7 2022 3:30:00 PM,134.45,134.36,134.78,134.36,1437.0
Apr 7 2022 3:35:00 PM,134.28,134.46,134.51,134.23,1051.0
Apr 7 2022 3:40:00 PM,134.33,134.26,134.4,134.2,1419.0
Apr 7 2022 3:45:00 PM,134.85,134.35,134.93,134.35,1716.0
Apr 7 2022 3:50:00 PM,134.88,134.83,134.88,134.73,1483.0
Apr 7 2022 3:55:00 PM,134.6,134.88,134.88,134.58,980.0
Apr 7 2022 4:00:00 PM,134.63,134.58,134.78,134.58,1009.0
Apr 7 2022 4:05:00 PM,134.55,134.61,134.66,134.53,752.0
Apr 7 2022 4:10:00 PM,134.75,134.53,134.78,134.46,923.0
Apr 7 2022 4:15:00 PM,134.53,134.78,134.8,134.48,857.0
Apr 7 2022 4:20:00 PM,134.58,134.51,134.7,134.5,660.0
Apr 7 2022 4:25:00 PM,134.53,134.56,134.63,134.48,1001.0
Apr 7 2022 4:30:00 PM,134.61,134.51,134.65,134.43,888.0
Apr 7 2022 4:35:00 PM,134.65,134.63,134.71,134.6,815.0
Apr 7 2022 4:40:00 PM,134.53,134.63,134.65,134.46,679.0
Apr 7 2022 4:45:00 PM,134.53,134.5,134.56,134.48,479.0
Apr 7 2022 4:50:00 PM,134.45,134.51,134.51,134.43,699.0
Apr 7 2022 4:55:00 PM,134.36,134.43,134.51,134.31,848.0
Apr 7 2022 5:00:00 PM,134.4,134.38,134.43,134.33,679.0
Apr 7 2022 5:05:00 PM,134.26,134.38,134.43,134.26,742.0
Apr 7 2022 5:10:00 PM,134.35,134.25,134.43,134.2,715.0
Apr 7 2022 5:15:00 PM,134.61,134.35,134.61,134.35,558.0
Apr 7 2022 5:20:00 PM,134.48,134.63,134.65,134.48,452.0
Apr 7 2022 5:25:00 PM,134.53,134.5,134.58,134.48,314.0
Apr 7 2022 5:30:00 PM,134.68,134.58,134.68,134.53,591.0
Apr 7 2022 5:35:00 PM,134.68,134.66,134.73,134.66,385.0
Apr 7 2022 5:40:00 PM,134.76,134.68,134.8,134.68,511.0
Apr 7 2022 5:45:00 PM,134.71,134.74,134.78,134.63,542.0
Apr 7 2022 5:50:00 PM,134.73,134.7,134.83,134.68,545.0
Apr 7 2022 5:55:00 PM,134.68,134.71,134.71,134.63,397.0
Apr 7 2022 6:00:00 PM,134.68,134.68,134.7,134.65,517.0
Apr 7 2022 6:05:00 PM,134.7,134.7,134.71,134.68,185.0
Apr 7 2022 6:10:00 PM,134.71,134.71,134.73,134.7,231.0
Apr 7 2022 6:15:00 PM,134.73,134.73,134.75,134.66,557.0
Apr 7 2022 6:20:00 PM,134.83,134.75,134.85,134.73,382.0
Apr 7 2022 6:25:00 PM,134.83,134.83,134.85,134.76,328.0
Apr 7 2022 6:30:00 PM,134.83,134.83,134.85,134.83,151.0
Apr 7 2022 6:35:00 PM,134.86,134.83,134.88,134.83,414.0
Apr 7 2022 6:40:00 PM,134.83,134.85,134.86,134.8,381.0
Apr 7 2022 6:45:00 PM,134.8,134.8,134.81,134.75,418.0
Apr 7 2022 6:50:00 PM,134.88,134.83,134.88,134.83,361.0
Apr 7 2022 6:55:00 PM,134.86,134.9,134.91,134.85,382.0
Apr 7 2022 7:00:00 PM,134.88,134.85,134.93,134.83,712.0
Apr 7 2022 7:05:00 PM,134.8,134.86,134.88,134.8,258.0
Apr 7 2022 7:10:00 PM,134.75,134.78,134.83,134.75,389.0
Apr 7 2022 7:15:00 PM,134.68,134.76,134.78,134.68,903.0
Apr 7 2022 7:20:00 PM,134.63,134.68,134.73,134.61,566.0
Apr 7 2022 7:25:00 PM,134.43,134.58,134.58,134.38,878.0
Apr 7 2022 7:30:00 PM,134.15,134.43,134.43,134.1,1647.0
Apr 7 2022 7:35:00 PM,134.2,134.13,134.2,134.11,849.0
Apr 7 2022 7:40:00 PM,134.03,134.18,134.25,134.03,1147.0
Apr 7 2022 7:45:00 PM,134.08,134.03,134.11,134.03,1089.0
Apr 7 2022 7:50:00 PM,134.13,134.11,134.15,134.06,1443.0
Apr 7 2022 7:55:00 PM,134.03,134.15,134.15,134.03,3513.0
Apr 7 2022 8:00:00 PM,134.06,134.05,134.11,133.98,1117.0
Apr 8 2022 3:30:00 PM,133.86,134.02,134.21,133.85,1677.0
Apr 8 2022 3:35:00 PM,133.96,133.83,134.1,133.83,1361.0
Apr 8 2022 3:40:00 PM,133.81,133.98,134.06,133.81,1112.0
Apr 8 2022 3:45:00 PM,134.15,133.83,134.15,133.8,1013.0
Apr 8 2022 3:50:00 PM,134.23,134.13,134.28,134.08,1226.0
Apr 8 2022 3:55:00 PM,134.1,134.21,134.21,134.08,615.0
Apr 8 2022 4:00:00 PM,134.28,134.11,134.3,134.08,805.0
Apr 8 2022 4:05:00 PM,134.5,134.28,134.53,134.25,1105.0
Apr 8 2022 4:10:00 PM,134.61,134.51,134.63,134.5,747.0
Apr 8 2022 4:15:00 PM,134.73,134.63,134.75,134.63,1117.0
Apr 8 2022 4:20:00 PM,134.88,134.73,135.11,134.73,1530.0
Apr 8 2022 4:25:00 PM,134.9,134.9,134.93,134.84,880.0
Apr 8 2022 4:30:00 PM,134.83,134.91,134.93,134.81,915.0
Apr 8 2022 4:35:00 PM,134.93,134.83,134.93,134.8,745.0
Apr 8 2022 4:40:00 PM,134.8,134.93,134.95,134.8,634.0
Apr 8 2022 4:45:00 PM,134.91,134.83,134.93,134.83,439.0
Apr 8 2022 4:50:00 PM,134.81,134.9,134.95,134.8,638.0
Apr 8 2022 4:55:00 PM,134.88,134.83,134.95,134.83,583.0
Apr 8 2022 5:00:00 PM,134.91,134.9,135.03,134.88,906.0
Apr 8 2022 5:05:00 PM,134.98,134.88,135.03,134.88,530.0
Apr 8 2022 5:10:00 PM,134.73,134.96,134.96,134.73,820.0
Apr 8 2022 5:15:00 PM,134.73,134.71,134.8,134.68,531.0
Apr 8 2022 5:20:00 PM,134.68,134.73,134.73,134.68,540.0
Apr 8 2022 5:25:00 PM,134.53,134.68,134.71,134.53,725.0
Apr 8 2022 5:30:00 PM,134.66,134.53,134.68,134.53,708.0
Apr 8 2022 5:35:00 PM,134.58,134.66,134.68,134.53,486.0
Apr 8 2022 5:40:00 PM,134.58,134.58,134.63,134.58,427.0
Apr 8 2022 5:45:00 PM,134.55,134.58,134.6,134.53,507.0
Apr 8 2022 5:50:00 PM,134.58,134.56,134.6,134.55,597.0
Apr 8 2022 5:55:00 PM,134.5,134.58,134.58,134.48,715.0
Apr 8 2022 6:00:00 PM,134.61,134.51,134.7,134.51,1020.0
Apr 8 2022 6:05:00 PM,134.61,134.6,134.63,134.53,505.0
Apr 8 2022 6:10:00 PM,134.63,134.63,134.68,134.6,489.0
Apr 8 2022 6:15:00 PM,134.65,134.65,134.68,134.63,366.0
Apr 8 2022 6:20:00 PM,134.6,134.63,134.63,134.6,160.0
Apr 8 2022 6:25:00 PM,134.63,134.61,134.68,134.6,808.0
Apr 8 2022 6:30:00 PM,134.51,134.61,134.63,134.48,793.0
Apr 8 2022 6:35:00 PM,134.41,134.53,134.53,134.41,471.0
Apr 8 2022 6:40:00 PM,133.91,134.4,134.4,133.83,1878.0
Apr 8 2022 6:45:00 PM,133.81,133.93,133.95,133.66,1073.0
Apr 8 2022 6:50:00 PM,133.78,133.8,133.83,133.68,763.0
Apr 8 2022 6:55:00 PM,133.4,133.76,133.81,133.4,1008.0
Apr 8 2022 7:00:00 PM,133.53,133.41,133.63,133.33,1029.0
Apr 8 2022 7:05:00 PM,133.6,133.55,133.61,133.48,583.0
Apr 8 2022 7:10:00 PM,133.53,133.58,133.68,133.53,817.0
Apr 8 2022 7:15:00 PM,133.65,133.53,133.66,133.53,719.0
Apr 8 2022 7:20:00 PM,133.63,133.63,133.66,133.61,428.0
Apr 8 2022 7:25:00 PM,133.38,133.61,133.61,133.36,754.0
Apr 8 2022 7:30:00 PM,133.53,133.38,133.58,133.38,602.0
Apr 8 2022 7:35:00 PM,133.63,133.53,133.63,133.53,645.0
Apr 8 2022 7:40:00 PM,133.73,133.63,133.75,133.61,776.0
Apr 8 2022 7:45:00 PM,133.58,133.75,133.75,133.56,957.0
Apr 8 2022 7:50:00 PM,133.48,133.58,133.63,133.48,1187.0
Apr 8 2022 7:55:00 PM,133.78,133.46,133.93,133.43,3961.0
Apr 8 2022 8:00:00 PM,133.95,133.81,133.95,133.78,1070.0
Apr 11 2022 3:30:00 PM,134.15,133.79,134.18,133.53,2012.0
Apr 11 2022 3:35:00 PM,134.06,134.13,134.16,133.81,1330.0
Apr 11 2022 3:40:00 PM,134.33,134.08,134.33,134.08,1178.0
