DateTime,Close,Open,Low,High,Volume
01:00 28.02.22,14130.2,14188.2,14188.2,14090.8,5347.0
02:00 28.02.22,14023.2,14129.2,14201.2,14022.2,5568.0
03:00 28.02.22,13969.2,14023.2,14084.2,13926.7,4955.0
04:00 28.02.22,13991.2,13971.2,14024.2,13960.2,2639.0
05:00 28.02.22,14045.2,13991.7,14094.0,13991.2,2619.0
06:00 28.02.22,14085.2,14045.2,14129.2,14032.7,3616.0
07:00 28.02.22,14051.9,14085.2,14115.9,14043.9,5083.0
08:00 28.02.22,14221.4,14052.9,14279.2,14052.9,34260.0
09:00 28.02.22,14200.2,14219.9,14303.2,14180.4,51288.0
10:00 28.02.22,14203.2,14199.2,14261.2,14164.2,30378.0
11:00 28.02.22,14234.2,14203.2,14237.1,14096.1,29566.0
12:00 28.02.22,14204.2,14233.2,14259.2,14196.2,22259.0
13:00 28.02.22,14298.2,14205.2,14347.2,14205.2,28956.0
14:00 28.02.22,14215.1,14298.2,14307.2,14182.2,29620.0
15:00 28.02.22,14322.1,14214.2,14322.1,14208.1,37853.0
16:00 28.02.22,14419.2,14320.2,14437.2,14227.1,48693.0
17:00 28.02.22,14415.2,14420.2,14508.2,14385.1,43892.0
18:00 28.02.22,14273.2,14415.2,14442.1,14255.2,30007.0
19:00 28.02.22,14300.2,14273.2,14327.1,14260.1,25802.0
20:00 28.02.22,14243.3,14299.2,14299.2,14184.3,25215.0
21:00 28.02.22,14284.3,14242.3,14307.3,14182.3,23898.0
01:00 01.03.22,14354.2,14308.7,14367.0,14308.7,3274.0
02:00 01.03.22,14349.2,14355.2,14395.2,14340.2,3372.0
03:00 01.03.22,14353.2,14348.2,14367.2,14323.2,2692.0
04:00 01.03.22,14342.2,14354.0,14354.0,14328.2,1942.0
05:00 01.03.22,14383.0,14342.2,14387.2,14342.2,2299.0
06:00 01.03.22,14359.2,14383.2,14383.2,14334.2,2828.0
07:00 01.03.22,14427.9,14358.2,14434.9,14352.9,4256.0
08:00 01.03.22,14394.2,14432.9,14467.2,14368.2,28743.0
09:00 01.03.22,14286.2,14394.2,14442.2,14277.2,82205.0
10:00 01.03.22,14163.2,14286.2,14325.2,14131.1,53344.0
11:00 01.03.22,14159.2,14162.2,14171.2,14067.1,44572.0
12:00 01.03.22,14043.2,14158.2,14159.1,14036.1,36772.0
13:00 01.03.22,14057.1,14043.2,14091.2,14040.2,33744.0
14:00 01.03.22,14163.1,14056.2,14187.1,14016.2,49351.0
15:00 01.03.22,14135.4,14162.2,14209.1,14107.1,61870.0
16:00 01.03.22,13987.1,14136.4,14180.2,13982.2,89299.0
17:00 01.03.22,13833.2,13985.1,14019.1,13792.1,77473.0
18:00 01.03.22,13875.2,13833.1,13897.2,13756.1,45569.0
19:00 01.03.22,13793.1,13874.2,13896.2,13764.2,43323.0
20:00 01.03.22,13785.3,13793.2,13827.3,13752.3,52460.0
21:00 01.03.22,13823.3,13786.3,13857.3,13762.3,45853.0
01:00 02.03.22,13953.2,13872.2,13964.2,13863.2,4427.0
02:00 02.03.22,13909.2,13953.2,13975.2,13895.2,4855.0
03:00 02.03.22,13893.2,13909.2,13912.2,13854.2,4041.0
04:00 02.03.22,13895.2,13893.2,13923.2,13870.2,2334.0
05:00 02.03.22,13899.2,13895.7,13908.2,13866.2,1752.0
06:00 02.03.22,13894.2,13898.2,13925.5,13888.2,2291.0
07:00 02.03.22,13840.9,13894.2,13915.9,13822.9,4513.0
08:00 02.03.22,13788.2,13838.9,13872.2,13728.2,27457.0
09:00 02.03.22,13746.2,13791.2,13895.2,13701.2,54842.0
10:00 02.03.22,13924.4,13746.2,13938.2,13711.2,34128.0
11:00 02.03.22,13919.2,13924.2,13989.1,13888.9,22684.0
12:00 02.03.22,13970.2,13918.2,13983.2,13891.2,23768.0
13:00 02.03.22,13935.2,13970.2,14021.1,13885.9,20630.0
14:00 02.03.22,13892.2,13935.2,13957.2,13839.2,20517.0
15:00 02.03.22,13954.2,13892.2,13984.1,13883.2,34920.0
16:00 02.03.22,13976.1,13955.2,13995.2,13888.2,42728.0
17:00 02.03.22,13998.2,13974.2,14109.2,13945.2,34864.0
18:00 02.03.22,14019.1,14000.2,14030.1,13982.2,20217.0
19:00 02.03.22,14038.1,14018.2,14075.1,14018.2,24350.0
20:00 02.03.22,13979.0,14038.1,14056.0,13972.3,24918.0
21:00 02.03.22,14003.3,13978.3,14021.0,13949.0,30088.0
01:00 03.03.22,13963.2,13971.7,13988.2,13948.2,1196.0
02:00 03.03.22,13937.2,13962.2,13979.2,13935.2,2189.0
03:00 03.03.22,14010.2,13937.2,14018.2,13935.2,1923.0
04:00 03.03.22,14011.2,14013.2,14021.2,13998.2,1218.0
05:00 03.03.22,14000.2,14011.2,14016.2,13991.2,1100.0
06:00 03.03.22,14038.2,14000.2,14047.2,13992.2,1885.0
07:00 03.03.22,14047.9,14037.2,14061.9,14007.9,3199.0
08:00 03.03.22,13974.2,14047.9,14055.2,13912.2,32978.0
09:00 03.03.22,13920.2,13974.2,14049.1,13848.2,57323.0
10:00 03.03.22,13895.2,13921.2,13942.2,13858.2,43851.0
11:00 03.03.22,13853.2,13893.2,13906.2,13818.2,41848.0
12:00 03.03.22,13864.2,13853.2,13915.1,13832.1,40197.0
13:00 03.03.22,13890.1,13865.2,13926.2,13859.1,35304.0
14:00 03.03.22,13988.2,13890.2,13990.2,13880.1,28702.0
15:00 03.03.22,13895.2,13986.2,14055.1,13876.1,53394.0
16:00 03.03.22,13726.2,13897.1,13901.2,13725.2,57727.0
17:00 03.03.22,13672.2,13726.1,13744.2,13640.2,52094.0
18:00 03.03.22,13735.2,13672.2,13796.2,13658.2,37986.0
19:00 03.03.22,13687.1,13735.1,13756.2,13677.2,26743.0
20:00 03.03.22,13636.3,13687.2,13726.3,13624.3,27456.0
21:00 03.03.22,13654.3,13636.3,13673.3,13596.3,27940.0
01:00 04.03.22,13344.7,13586.5,13602.2,13311.3,7433.0
02:00 04.03.22,13514.2,13344.2,13548.0,13301.0,10455.0
03:00 04.03.22,13388.0,13516.2,13518.2,13367.2,5266.0
04:00 04.03.22,13301.2,13387.2,13428.2,13292.2,4830.0
05:00 04.03.22,13346.2,13301.2,13354.2,13273.5,3480.0
06:00 04.03.22,13359.2,13347.2,13388.0,13313.2,3298.0
07:00 04.03.22,13432.9,13357.2,13443.9,13350.9,3936.0
08:00 04.03.22,13479.1,13430.9,13509.2,13364.2,14599.0
09:00 04.03.22,13358.2,13483.9,13550.2,13354.2,35118.0
10:00 04.03.22,13213.2,13357.2,13368.2,13156.2,28805.0
11:00 04.03.22,13217.2,13213.2,13308.1,13187.1,26562.0
12:00 04.03.22,13244.2,13217.2,13270.1,13183.2,21432.0
13:00 04.03.22,13272.2,13245.2,13273.2,13164.2,20871.0
14:00 04.03.22,13230.9,13276.2,13311.7,13191.9,26934.0
15:00 04.03.22,13224.2,13230.2,13281.2,13145.2,44327.0
16:00 04.03.22,13136.1,13223.2,13240.2,13126.1,54819.0
17:00 04.03.22,13093.2,13136.1,13159.2,13047.2,35949.0
18:00 04.03.22,13105.2,13096.1,13189.2,13075.2,29154.0
19:00 04.03.22,13096.2,13106.2,13160.2,13087.2,24471.0
20:00 04.03.22,13007.3,13097.2,13110.0,13005.3,24161.0
21:00 04.03.22,13089.9,13007.3,13137.3,12960.3,28575.0
01:00 07.03.22,12680.7,12813.2,12820.2,12675.2,4121.0
02:00 07.03.22,12633.7,12680.7,12714.2,12601.2,5081.0
03:00 07.03.22,12640.2,12633.2,12667.5,12629.7,2887.0
04:00 07.03.22,12679.2,12641.2,12749.2,12617.2,2983.0
05:00 07.03.22,12715.2,12678.2,12731.2,12661.2,2263.0
06:00 07.03.22,12704.2,12714.7,12799.2,12682.7,3612.0
07:00 07.03.22,12744.9,12704.2,12754.9,12674.9,3265.0
08:00 07.03.22,12541.9,12744.9,12776.2,12510.4,23499.0
09:00 07.03.22,12563.2,12551.9,12670.1,12423.2,37053.0
10:00 07.03.22,12630.4,12560.4,12690.2,12503.4,24316.0
11:00 07.03.22,12633.1,12630.4,12691.2,12578.0,17526.0
12:00 07.03.22,12777.2,12633.2,12783.2,12611.4,21967.0
13:00 07.03.22,12841.9,12778.2,12957.2,12770.1,27833.0
14:00 07.03.22,12990.2,12841.4,13027.1,12823.1,22065.0
15:00 07.03.22,12991.2,12991.2,13141.2,12973.2,32820.0
16:00 07.03.22,12839.2,12988.2,13027.2,12828.2,33980.0
17:00 07.03.22,12727.2,12839.2,12919.4,12717.2,28727.0
18:00 07.03.22,12703.1,12726.4,12752.1,12646.2,19739.0
19:00 07.03.22,12622.2,12702.1,12758.2,12571.2,22211.0
20:00 07.03.22,12587.3,12622.2,12659.3,12571.3,15323.0
21:00 07.03.22,12636.3,12587.3,12703.0,12550.3,16276.0
01:00 08.03.22,12646.2,12600.2,12707.7,12600.2,2917.0
02:00 08.03.22,12740.2,12646.2,12761.0,12644.2,3610.0
03:00 08.03.22,12670.2,12741.2,12746.2,12668.7,2642.0
04:00 08.03.22,12693.2,12670.2,12708.2,12650.0,3443.0
05:00 08.03.22,12675.2,12693.2,12695.2,12658.2,2448.0
06:00 08.03.22,12566.2,12675.2,12696.2,12566.2,4253.0
07:00 08.03.22,12551.9,12566.7,12604.9,12457.9,4712.0
08:00 08.03.22,12594.4,12557.9,12650.1,12473.4,20298.0
09:00 08.03.22,12958.2,12597.2,13089.2,12566.2,44081.0
10:00 08.03.22,12990.2,12957.2,13038.2,12913.2,21612.0
11:00 08.03.22,12911.2,12990.2,13003.2,12815.4,20591.0
12:00 08.03.22,12953.2,12910.2,12963.2,12876.2,17565.0
13:00 08.03.22,12931.2,12952.2,13081.2,12902.2,24673.0
14:00 08.03.22,12929.2,12930.2,12967.2,12821.2,25449.0
15:00 08.03.22,12866.9,12929.2,12968.2,12826.2,37602.0
16:00 08.03.22,12895.2,12868.2,12896.2,12712.4,35551.0
17:00 08.03.22,12933.2,12898.6,12964.2,12791.2,30722.0
18:00 08.03.22,13250.2,12934.2,13335.2,12928.2,28253.0
19:00 08.03.22,13065.4,13250.2,13302.2,13040.2,24561.0
20:00 08.03.22,13080.3,13069.1,13138.3,13003.3,28960.0
21:00 08.03.22,13011.3,13078.3,13139.3,12967.3,24579.0
01:00 09.03.22,13068.7,13034.2,13095.2,13034.2,2314.0
02:00 09.03.22,13042.2,13069.7,13129.2,13030.7,3684.0
03:00 09.03.22,13024.2,13040.7,13083.2,13010.2,2480.0
04:00 09.03.22,12996.2,13025.2,13028.7,12961.7,1893.0
05:00 09.03.22,13155.2,12997.2,13206.0,12996.2,2877.0
06:00 09.03.22,13047.2,13155.2,13155.2,13018.2,3560.0
07:00 09.03.22,13131.9,13059.7,13156.9,13041.9,4694.0
08:00 09.03.22,13281.2,13132.9,13330.1,13082.9,17732.0
09:00 09.03.22,13328.1,13280.4,13363.2,13183.4,48771.0
10:00 09.03.22,13431.2,13326.2,13474.1,13290.1,42256.0
11:00 09.03.22,13454.2,13433.2,13522.2,13412.2,39015.0
12:00 09.03.22,13405.2,13453.2,13481.1,13375.1,35368.0
13:00 09.03.22,13499.1,13408.2,13507.1,13387.2,31648.0
14:00 09.03.22,13467.2,13498.2,13524.1,13461.2,31473.0
15:00 09.03.22,13586.4,13467.2,13671.2,13450.1,59154.0
16:00 09.03.22,13766.2,13587.2,13770.2,13587.2,49624.0
17:00 09.03.22,13902.2,13765.2,13911.2,13684.1,45038.0
18:00 09.03.22,13977.2,13903.2,13988.2,13898.2,32190.0
19:00 09.03.22,13851.2,13979.2,13979.2,13833.1,29163.0
20:00 09.03.22,13856.3,13852.2,13900.3,13840.0,29855.0
21:00 09.03.22,13833.3,13857.3,13902.3,13797.0,22691.0
01:00 10.03.22,13779.2,13843.2,13843.2,13775.7,2339.0
02:00 10.03.22,13780.2,13780.2,13807.0,13763.2,2562.0
03:00 10.03.22,13792.2,13780.2,13816.0,13780.2,2816.0
04:00 10.03.22,13772.2,13792.7,13796.7,13771.2,1874.0
05:00 10.03.22,13778.2,13772.2,13784.2,13752.5,1820.0
06:00 10.03.22,13812.2,13778.2,13818.5,13740.2,2342.0
07:00 10.03.22,13795.9,13816.2,13836.9,13786.9,3010.0
08:00 10.03.22,13832.2,13795.9,13850.2,13701.2,16227.0
09:00 10.03.22,13557.2,13833.2,13833.2,13504.2,43410.0
10:00 10.03.22,13572.2,13561.2,13744.2,13529.4,33465.0
11:00 10.03.22,13523.2,13573.4,13598.2,13510.2,17526.0
12:00 10.03.22,13429.4,13523.2,13540.2,13421.4,13741.0
13:00 10.03.22,13355.2,13429.4,13477.2,13333.2,16221.0
14:00 10.03.22,13428.2,13354.2,13502.2,13337.2,25469.0
15:00 10.03.22,13615.2,13428.2,13624.2,13372.2,38516.0
16:00 10.03.22,13463.2,13616.2,13628.2,13453.2,44312.0
17:00 10.03.22,13454.2,13462.2,13471.2,13397.2,33613.0
18:00 10.03.22,13441.2,13453.2,13490.2,13430.2,16654.0
19:00 10.03.22,13509.2,13440.2,13517.2,13413.2,24506.0
20:00 10.03.22,13549.2,13508.2,13568.2,13504.2,27514.0
21:00 10.03.22,13492.2,13550.2,13550.2,13445.2,22962.0
01:00 11.03.22,13432.4,13507.9,13521.9,13430.4,1367.0
02:00 11.03.22,13353.4,13432.4,13433.4,13342.4,3130.0
03:00 11.03.22,13345.4,13353.4,13393.2,13332.1,2496.0
04:00 11.03.22,13337.2,13345.9,13353.4,13281.9,3138.0
05:00 11.03.22,13292.9,13337.2,13358.4,13290.4,2341.0
06:00 11.03.22,13379.9,13292.4,13406.2,13269.2,3256.0
07:00 11.03.22,13476.4,13378.9,13497.2,13367.9,4164.0
08:00 11.03.22,13463.2,13475.9,13548.1,13435.2,14478.0
09:00 11.03.22,13523.2,13452.2,13550.2,13397.2,38624.0
10:00 11.03.22,13588.2,13521.2,13622.2,13521.2,27124.0
11:00 11.03.22,13521.2,13590.2,13662.1,13518.1,28319.0
12:00 11.03.22,13849.2,13521.2,14093.2,13521.2,31317.0
13:00 11.03.22,13791.2,13850.2,13937.2,13767.1,22488.0
14:00 11.03.22,13882.2,13791.2,13902.2,13782.2,18049.0
15:00 11.03.22,13720.7,13883.2,13902.1,13706.2,29388.0
16:00 11.03.22,13709.2,13721.2,13734.2,13671.2,35780.0
17:00 11.03.22,13596.7,13709.2,13711.2,13568.2,34179.0
18:00 11.03.22,13639.2,13594.7,13644.2,13566.7,20729.0
19:00 11.03.22,13592.2,13639.2,13693.2,13591.2,21446.0
20:00 11.03.22,13557.2,13593.2,13615.9,13553.2,29261.0
21:00 11.03.22,13534.7,13557.2,13581.2,13523.2,23422.0
01:00 14.03.22,13776.2,13731.7,13845.0,13731.7,3048.0
02:00 14.03.22,13790.7,13776.7,13820.5,13774.2,2864.0
03:00 14.03.22,13702.2,13790.2,13790.2,13675.2,3223.0
04:00 14.03.22,13714.2,13702.2,13752.2,13687.2,2567.0
05:00 14.03.22,13725.7,13714.2,13737.2,13701.2,1508.0
06:00 14.03.22,13747.2,13726.2,13768.2,13708.7,2549.0
07:00 14.03.22,13837.9,13744.2,13852.9,13690.9,4828.0
08:00 14.03.22,13830.4,13839.4,13903.1,13791.4,12266.0
09:00 14.03.22,13900.2,13829.4,13960.2,13806.2,31958.0
10:00 14.03.22,14048.2,13905.1,14078.2,13896.2,34323.0
11:00 14.03.22,14007.2,14048.2,14073.2,13965.2,26511.0
12:00 14.03.22,13865.2,14004.2,14023.2,13843.2,26032.0
13:00 14.03.22,13927.2,13864.2,13951.2,13843.2,22647.0
14:00 14.03.22,13930.2,13926.2,13951.2,13868.1,40381.0
15:00 14.03.22,14021.2,13930.2,14023.2,13905.2,46644.0
16:00 14.03.22,13945.1,14022.1,14034.2,13933.4,36710.0
17:00 14.03.22,13861.2,13943.1,13955.1,13852.2,37250.0
18:00 14.03.22,13818.2,13862.2,13895.1,13803.2,26058.0
19:00 14.03.22,13849.2,13818.2,13852.2,13794.2,22200.0
20:00 14.03.22,13855.3,13849.2,13880.3,13822.3,25460.0
21:00 14.03.22,13890.9,13855.3,13894.9,13842.0,4195.0
01:00 15.03.22,13891.2,13875.2,13926.2,13848.5,1506.0
02:00 15.03.22,13822.2,13891.2,13908.2,13802.2,2794.0
03:00 15.03.22,13908.2,13823.2,13924.2,13813.7,3249.0
04:00 15.03.22,13876.2,13908.2,13917.7,13863.2,2131.0
05:00 15.03.22,13875.2,13876.2,13883.2,13860.2,1099.0
06:00 15.03.22,13845.2,13877.2,13877.2,13834.2,3444.0
07:00 15.03.22,13830.4,13843.2,13859.9,13809.9,4093.0
08:00 15.03.22,13795.2,13831.4,13844.2,13681.2,25264.0
09:00 15.03.22,13607.2,13798.2,13818.4,13601.2,44702.0
10:00 15.03.22,13651.2,13607.2,13708.2,13571.2,37599.0
11:00 15.03.22,13736.2,13651.2,13782.2,13618.2,31447.0
12:00 15.03.22,13757.2,13735.2,13819.2,13735.2,26903.0
13:00 15.03.22,13839.2,13756.2,13874.2,13743.2,27242.0
14:00 15.03.22,13851.2,13841.1,13895.2,13772.1,53489.0
15:00 15.03.22,13905.2,13852.2,13931.1,13784.2,61560.0
16:00 15.03.22,13838.2,13906.1,13979.2,13802.2,54923.0
17:00 15.03.22,13918.2,13837.2,13962.2,13802.2,30588.0
18:00 15.03.22,13902.2,13917.2,13931.1,13854.2,19288.0
19:00 15.03.22,13944.2,13903.2,13950.1,13831.1,19123.0
20:00 15.03.22,13986.3,13943.2,14007.0,13920.3,20239.0
21:00 15.03.22,13973.4,13986.3,14007.3,13961.9,3491.0
01:00 16.03.22,13951.7,13968.7,13968.7,13920.2,1607.0
02:00 16.03.22,13987.7,13951.2,13987.7,13946.2,2110.0
03:00 16.03.22,13966.2,13991.2,14022.0,13958.2,2010.0
04:00 16.03.22,13961.2,13965.2,13979.2,13927.2,1880.0
05:00 16.03.22,13994.2,13962.7,13995.2,13961.7,1119.0
06:00 16.03.22,14079.2,13994.2,14111.0,13993.2,4338.0
07:00 16.03.22,14202.9,14079.2,14210.9,14068.4,5719.0
08:00 16.03.22,14274.2,14205.9,14300.2,14197.4,19528.0
09:00 16.03.22,14264.2,14279.2,14303.2,14182.2,49091.0
10:00 16.03.22,14209.2,14265.2,14290.2,14197.2,27657.0
11:00 16.03.22,14358.2,14209.2,14369.2,14201.2,30079.0
12:00 16.03.22,14389.1,14358.2,14394.1,14335.2,23678.0
13:00 16.03.22,14284.2,14389.1,14389.1,14269.1,25977.0
14:00 16.03.22,14289.2,14285.2,14313.2,14243.2,30141.0
15:00 16.03.22,14473.2,14290.2,14555.2,14248.1,40699.0
16:00 16.03.22,14408.2,14473.2,14487.2,14361.2,28389.0
17:00 16.03.22,14390.2,14406.2,14480.2,14348.2,25082.0
18:00 16.03.22,14393.7,14390.2,14422.7,14308.2,18464.0
19:00 16.03.22,14394.2,14380.7,14430.2,14253.2,27035.0
20:00 16.03.22,14497.4,14395.2,14501.0,14358.3,16292.0
21:00 16.03.22,14485.9,14499.3,14511.9,14460.9,4274.0
01:00 17.03.22,14499.7,14476.2,14501.7,14451.7,971.0
02:00 17.03.22,14430.7,14500.2,14504.0,14411.2,2934.0
03:00 17.03.22,14456.2,14430.7,14478.2,14418.7,1460.0
04:00 17.03.22,14450.2,14453.2,14470.2,14424.7,1540.0
05:00 17.03.22,14470.2,14447.2,14471.2,14432.2,691.0
06:00 17.03.22,14464.2,14470.2,14501.2,14439.2,1382.0
07:00 17.03.22,14514.9,14463.2,14527.9,14452.4,2137.0
08:00 17.03.22,14508.2,14520.9,14527.2,14404.2,11281.0
09:00 17.03.22,14429.1,14510.2,14510.2,14409.2,32812.0
10:00 17.03.22,14407.2,14428.2,14438.2,14360.2,23114.0
11:00 17.03.22,14394.2,14406.2,14407.1,14249.2,24298.0
12:00 17.03.22,14333.2,14394.2,14397.1,14313.2,13394.0
13:00 17.03.22,14290.2,14333.2,14362.2,14268.2,18070.0
14:00 17.03.22,14331.2,14290.2,14337.2,14241.2,32010.0
15:00 17.03.22,14276.2,14331.2,14365.2,14245.2,28128.0
16:00 17.03.22,14297.2,14276.2,14319.2,14259.2,21785.0
17:00 17.03.22,14384.2,14297.2,14418.1,14297.2,22398.0
18:00 17.03.22,14417.2,14384.2,14434.1,14337.2,10194.0
19:00 17.03.22,14401.2,14416.2,14419.2,14362.9,3840.0
20:00 17.03.22,14431.3,14401.2,14432.3,14365.3,4293.0
21:00 17.03.22,14368.9,14427.9,14432.3,14345.9,1787.0
01:00 18.03.22,14323.2,14395.2,14395.2,14322.2,1952.0
02:00 18.03.22,14328.2,14323.2,14343.7,14304.2,1995.0
03:00 18.03.22,14298.2,14328.2,14334.2,14283.2,1682.0
04:00 18.03.22,14307.2,14297.7,14313.0,14282.2,1526.0
05:00 18.03.22,14317.2,14307.2,14337.2,14307.2,1040.0
06:00 18.03.22,14380.2,14316.7,14389.2,14299.2,1928.0
07:00 18.03.22,14390.9,14380.2,14433.4,14378.9,2769.0
08:00 18.03.22,14369.2,14391.4,14407.1,14338.2,11787.0
09:00 18.03.22,14344.1,14369.2,14428.2,14298.1,31649.0
10:00 18.03.22,14295.2,14343.2,14347.2,14273.2,28465.0
11:00 18.03.22,14238.2,14295.2,14333.2,14214.2,32958.0
12:00 18.03.22,14145.2,14238.2,14249.1,14117.1,29476.0
13:00 18.03.22,14249.2,14149.2,14285.1,14136.2,26647.0
14:00 18.03.22,14307.2,14249.2,14309.1,14213.2,33452.0
15:00 18.03.22,14361.2,14307.2,14365.1,14297.1,40707.0
16:00 18.03.22,14380.1,14362.2,14393.2,14330.2,36318.0
17:00 18.03.22,14433.2,14380.2,14471.1,14356.2,31273.0
18:00 18.03.22,14473.2,14433.2,14484.1,14418.2,16411.0
19:00 18.03.22,14474.2,14473.2,14484.2,14450.1,16357.0
20:00 18.03.22,14484.3,14474.2,14509.3,14449.3,19350.0
21:00 18.03.22,14472.7,14486.3,14501.3,14466.9,3898.0
01:00 21.03.22,14374.2,14427.7,14427.7,14351.2,1691.0
02:00 21.03.22,14334.2,14374.2,14396.2,14327.2,1354.0
03:00 21.03.22,14329.2,14334.2,14351.2,14325.2,1247.0
04:00 21.03.22,14336.0,14329.2,14342.2,14325.2,688.0
05:00 21.03.22,14314.2,14335.2,14339.0,14308.2,902.0
06:00 21.03.22,14325.2,14314.2,14328.0,14288.7,2058.0
07:00 21.03.22,14359.9,14325.2,14374.9,14323.9,2465.0
08:00 21.03.22,14369.2,14359.9,14400.1,14333.2,8971.0
09:00 21.03.22,14415.2,14369.1,14465.2,14369.1,30633.0
10:00 21.03.22,14419.1,14415.2,14452.1,14354.2,16305.0
11:00 21.03.22,14425.2,14417.2,14441.2,14408.2,11208.0
12:00 21.03.22,14428.2,14425.2,14470.2,14411.2,13235.0
13:00 21.03.22,14416.2,14427.2,14435.2,14401.1,12124.0
14:00 21.03.22,14369.2,14416.2,14444.1,14354.2,23932.0
15:00 21.03.22,14389.2,14369.2,14396.1,14316.2,30282.0
16:00 21.03.22,14378.2,14389.2,14405.2,14352.2,21999.0
17:00 21.03.22,14289.2,14379.2,14381.2,14281.1,25763.0
18:00 21.03.22,14276.2,14290.2,14292.2,14238.2,20482.0
19:00 21.03.22,14276.2,14275.2,14323.2,14263.2,16498.0
20:00 21.03.22,14327.3,14276.2,14332.3,14275.1,17254.0
21:00 21.03.22,14323.9,14326.3,14337.0,14318.3,2573.0
01:00 22.03.22,14258.2,14264.7,14289.0,14252.0,1265.0
02:00 22.03.22,14290.2,14259.2,14304.2,14244.5,1898.0
03:00 22.03.22,14326.2,14290.2,14348.0,14284.7,1018.0
04:00 22.03.22,14318.0,14326.2,14344.0,14313.2,1244.0
05:00 22.03.22,14307.2,14317.5,14328.0,14289.2,1091.0
06:00 22.03.22,14317.2,14307.2,14327.0,14281.2,1425.0
07:00 22.03.22,14314.9,14317.2,14338.9,14313.9,1569.0
08:00 22.03.22,14375.2,14317.9,14386.2,14312.2,7128.0
09:00 22.03.22,14440.2,14370.1,14490.2,14354.2,23419.0
10:00 22.03.22,14496.4,14440.2,14498.6,14440.2,13829.0
11:00 22.03.22,14462.1,14496.4,14497.1,14451.2,10275.0
12:00 22.03.22,14436.2,14461.2,14472.1,14421.1,12055.0
13:00 22.03.22,14450.2,14437.1,14452.2,14409.2,14421.0
14:00 22.03.22,14478.2,14450.2,14491.1,14443.2,21709.0
15:00 22.03.22,14496.2,14478.2,14525.2,14477.2,24235.0
16:00 22.03.22,14480.2,14496.2,14508.1,14451.2,23168.0
17:00 22.03.22,14503.2,14481.2,14514.2,14449.2,23861.0
18:00 22.03.22,14506.2,14503.1,14534.2,14488.1,14907.0
19:00 22.03.22,14499.2,14506.2,14513.2,14464.2,19967.0
20:00 22.03.22,14516.3,14500.2,14541.3,14497.3,21955.0
21:00 22.03.22,14522.9,14515.3,14534.3,14511.3,2766.0
01:00 23.03.22,14519.2,14517.7,14524.2,14502.2,837.0
02:00 23.03.22,14553.2,14519.2,14556.2,14519.2,1288.0
03:00 23.03.22,14580.2,14552.2,14583.2,14534.2,1275.0
04:00 23.03.22,14562.2,14580.2,14580.2,14560.2,566.0
05:00 23.03.22,14565.7,14562.2,14567.2,14550.2,344.0
06:00 23.03.22,14590.0,14567.2,14596.0,14561.2,1250.0
07:00 23.03.22,14585.9,14589.9,14595.4,14559.4,1939.0
08:00 23.03.22,14522.2,14585.9,14595.1,14515.2,8544.0
09:00 23.03.22,14524.2,14522.2,14554.1,14492.2,36254.0
10:00 23.03.22,14446.2,14524.1,14537.2,14415.2,25912.0
11:00 23.03.22,14439.1,14445.2,14459.2,14421.2,16347.0
12:00 23.03.22,14368.2,14438.2,14443.1,14337.2,25256.0
13:00 23.03.22,14300.2,14367.2,14378.2,14291.1,24353.0
14:00 23.03.22,14272.2,14301.1,14306.1,14237.2,36067.0
15:00 23.03.22,14298.2,14271.2,14366.1,14256.2,42292.0
16:00 23.03.22,14296.2,14298.2,14330.1,14272.1,26413.0
17:00 23.03.22,14269.1,14298.2,14333.2,14258.1,27750.0
18:00 23.03.22,14244.2,14270.1,14277.2,14224.2,20972.0
19:00 23.03.22,14246.1,14245.1,14269.2,14219.0,19237.0
20:00 23.03.22,14221.3,14247.1,14263.0,14212.3,18253.0
21:00 23.03.22,14223.7,14221.3,14225.3,14210.3,3461.0
01:00 24.03.22,14231.2,14259.2,14270.2,14206.2,1406.0
02:00 24.03.22,14233.7,14231.2,14251.2,14202.2,2243.0
03:00 24.03.22,14257.2,14233.2,14263.2,14225.2,839.0
04:00 24.03.22,14284.2,14257.2,14285.2,14250.2,1012.0
05:00 24.03.22,14280.7,14285.2,14305.2,14280.7,1168.0
06:00 24.03.22,14322.2,14282.2,14326.0,14280.2,1788.0
07:00 24.03.22,14284.9,14323.2,14332.9,14280.9,2369.0
08:00 24.03.22,14298.2,14283.9,14353.2,14283.9,8261.0
09:00 24.03.22,14333.1,14308.2,14393.1,14290.2,38714.0
10:00 24.03.22,14270.1,14332.2,14359.2,14267.2,26648.0
11:00 24.03.22,14230.2,14269.2,14270.2,14202.2,29705.0
12:00 24.03.22,14288.2,14230.2,14301.2,14203.2,27812.0
13:00 24.03.22,14272.2,14287.2,14299.1,14253.2,18575.0
14:00 24.03.22,14234.1,14273.2,14283.2,14232.2,32101.0
15:00 24.03.22,14249.1,14233.1,14277.1,14215.1,37695.0
16:00 24.03.22,14307.2,14248.2,14374.2,14243.2,32814.0
17:00 24.03.22,14323.2,14308.2,14328.2,14271.1,24462.0
18:00 24.03.22,14328.2,14323.2,14340.1,14310.1,13484.0
19:00 24.03.22,14316.2,14328.2,14343.1,14304.2,12422.0
20:00 24.03.22,14357.0,14315.2,14358.0,14302.3,13827.0
21:00 24.03.22,14352.9,14358.3,14361.0,14339.3,3275.0
01:00 25.03.22,14301.2,14315.2,14321.0,14286.0,1114.0
02:00 25.03.22,14361.2,14299.7,14389.2,14292.7,2232.0
03:00 25.03.22,14331.2,14362.2,14362.2,14320.7,1865.0
04:00 25.03.22,14313.2,14330.2,14345.2,14300.2,1735.0
05:00 25.03.22,14363.2,14312.7,14375.2,14311.2,2282.0
06:00 25.03.22,14318.2,14362.2,14362.2,14312.2,2348.0
07:00 25.03.22,14344.9,14317.2,14349.9,14311.4,1790.0
08:00 25.03.22,14334.2,14344.9,14358.2,14296.2,9312.0
09:00 25.03.22,14320.2,14337.2,14357.2,14260.2,35311.0
10:00 25.03.22,14351.2,14320.1,14363.2,14265.2,24086.0
11:00 25.03.22,14376.1,14351.2,14381.2,14323.2,14926.0
12:00 25.03.22,14429.1,14376.1,14439.1,14360.2,21763.0
13:00 25.03.22,14409.2,14430.2,14441.1,14396.2,16625.0
14:00 25.03.22,14365.2,14409.2,14423.2,14343.1,33389.0
15:00 25.03.22,14417.2,14365.2,14445.1,14352.2,28189.0
16:00 25.03.22,14296.2,14417.2,14421.2,14259.2,31966.0
17:00 25.03.22,14321.2,14296.2,14337.2,14285.2,29674.0
18:00 25.03.22,14387.2,14321.2,14393.2,14315.1,18934.0
19:00 25.03.22,14394.1,14388.2,14400.2,14376.1,15101.0
20:00 25.03.22,14407.3,14393.0,14414.3,14352.3,20478.0
21:00 25.03.22,14402.9,14410.0,14413.3,14393.9,2922.0
02:00 28.03.22,14342.2,14341.2,14372.2,14336.2,1039.0
03:00 28.03.22,14352.2,14341.2,14357.2,14326.0,1305.0
04:00 28.03.22,14382.2,14352.2,14388.2,14351.0,1506.0
05:00 28.03.22,14373.2,14383.2,14394.2,14367.2,1089.0
06:00 28.03.22,14353.2,14373.2,14376.0,14353.2,946.0
07:00 28.03.22,14334.9,14353.2,14362.9,14328.4,2114.0
08:00 28.03.22,14379.2,14334.9,14388.1,14314.2,9051.0
09:00 28.03.22,14497.1,14378.2,14541.2,14373.2,39006.0
10:00 28.03.22,14542.2,14496.2,14546.1,14462.2,20907.0
11:00 28.03.22,14545.2,14542.1,14563.2,14505.2,18127.0
12:00 28.03.22,14570.2,14545.2,14573.1,14536.2,14654.0
13:00 28.03.22,14632.1,14570.2,14646.2,14570.2,22730.0
14:00 28.03.22,14542.2,14632.1,14635.1,14509.1,26624.0
15:00 28.03.22,14525.1,14543.2,14567.2,14504.2,35643.0
16:00 28.03.22,14505.1,14525.2,14528.2,14463.2,44354.0
17:00 28.03.22,14409.2,14505.2,14510.1,14408.1,33901.0
18:00 28.03.22,14463.2,14409.1,14464.1,14403.2,23599.0
19:00 28.03.22,14460.1,14463.1,14483.1,14448.1,16628.0
20:00 28.03.22,14540.3,14459.2,14542.0,14455.3,20272.0
21:00 28.03.22,14551.3,14541.0,14568.0,14515.3,22713.0
02:00 29.03.22,14561.2,14551.2,14577.2,14538.7,1106.0
03:00 29.03.22,14591.2,14561.2,14599.5,14561.0,1301.0
04:00 29.03.22,14565.2,14590.2,14593.2,14563.7,779.0
05:00 29.03.22,14569.2,14565.2,14590.0,14564.2,872.0
06:00 29.03.22,14582.2,14568.2,14583.0,14568.2,686.0
07:00 29.03.22,14627.9,14582.2,14638.9,14577.9,2170.0
08:00 29.03.22,14630.2,14629.9,14639.1,14579.1,8944.0
09:00 29.03.22,14601.1,14636.2,14682.2,14566.2,38049.0
10:00 29.03.22,14611.2,14601.1,14633.1,14585.2,22008.0
11:00 29.03.22,14707.4,14611.2,14750.1,14604.4,15200.0
12:00 29.03.22,14718.4,14707.1,14747.4,14685.4,10267.0
13:00 29.03.22,14814.4,14717.4,14854.4,14644.4,13648.0
14:00 29.03.22,14891.4,14814.4,14910.1,14806.6,17220.0
15:00 29.03.22,14846.4,14890.4,14943.6,14824.1,16251.0
16:00 29.03.22,14795.1,14846.4,14858.4,14742.2,45557.0
17:00 29.03.22,14800.1,14796.2,14842.2,14770.1,44411.0
18:00 29.03.22,14779.1,14801.1,14803.1,14741.2,28867.0
19:00 29.03.22,14801.2,14779.1,14802.1,14762.1,25111.0
20:00 29.03.22,14826.0,14801.2,14837.0,14791.3,22897.0
21:00 29.03.22,14870.9,14827.0,14872.3,14822.3,29124.0
02:00 30.03.22,14808.2,14827.7,14830.0,14800.0,1511.0
03:00 30.03.22,14815.2,14808.0,14841.2,14800.5,2515.0
04:00 30.03.22,14779.2,14816.2,14816.2,14777.2,1955.0
05:00 30.03.22,14777.2,14778.2,14794.2,14774.2,2077.0
06:00 30.03.22,14747.2,14777.2,14788.2,14734.0,1705.0
07:00 30.03.22,14806.9,14748.2,14808.9,14742.9,3078.0
08:00 30.03.22,14764.2,14806.9,14811.2,14750.2,8995.0
09:00 30.03.22,14686.2,14764.2,14764.2,14662.2,38529.0
10:00 30.03.22,14647.2,14686.2,14687.1,14599.2,29720.0
11:00 30.03.22,14663.1,14646.2,14668.1,14627.1,19254.0
12:00 30.03.22,14641.1,14663.1,14663.1,14578.2,20999.0
13:00 30.03.22,14629.2,14642.2,14656.2,14612.2,16092.0
14:00 30.03.22,14622.1,14630.2,14635.1,14572.1,19064.0
15:00 30.03.22,14615.2,14621.2,14651.2,14586.2,30214.0
16:00 30.03.22,14600.2,14616.1,14627.2,14589.2,31362.0
17:00 30.03.22,14636.1,14601.1,14654.2,14568.2,34342.0
18:00 30.03.22,14637.1,14635.2,14651.1,14613.1,16572.0
19:00 30.03.22,14615.2,14637.1,14638.1,14612.1,12225.0
20:00 30.03.22,14608.0,14615.2,14633.3,14605.3,14828.0
21:00 30.03.22,14612.3,14608.0,14613.3,14542.3,26511.0
02:00 31.03.22,14674.2,14626.2,14681.0,14616.2,2283.0
03:00 31.03.22,14669.2,14674.2,14678.2,14663.0,1421.0
04:00 31.03.22,14674.2,14670.2,14682.5,14663.5,1105.0
05:00 31.03.22,14653.2,14674.2,14677.2,14646.2,803.0
06:00 31.03.22,14668.2,14655.2,14670.2,14649.2,861.0
07:00 31.03.22,14664.9,14668.2,14673.9,14638.9,2666.0
08:00 31.03.22,14676.2,14664.9,14676.2,14629.2,7669.0
09:00 31.03.22,14663.2,14681.2,14748.2,14655.1,36273.0
10:00 31.03.22,14616.2,14662.2,14669.2,14585.2,25202.0
11:00 31.03.22,14601.1,14617.1,14630.2,14586.1,19327.0
12:00 31.03.22,14583.1,14602.1,14618.2,14572.2,18101.0
13:00 31.03.22,14572.2,14581.1,14597.1,14552.1,17138.0
14:00 31.03.22,14584.2,14572.1,14593.2,14563.2,13361.0
15:00 31.03.22,14499.2,14585.1,14607.2,14463.2,41874.0
16:00 31.03.22,14497.2,14497.2,14511.2,14429.1,49533.0
17:00 31.03.22,14453.1,14499.2,14502.1,14417.1,38317.0
18:00 31.03.22,14420.1,14453.1,14459.1,14414.1,16760.0
19:00 31.03.22,14410.1,14420.2,14426.2,14405.1,14491.0
20:00 31.03.22,14407.3,14410.1,14410.2,14383.3,19598.0
21:00 31.03.22,14348.9,14408.0,14432.3,14340.0,25871.0
02:00 01.04.22,14413.0,14386.2,14413.0,14374.2,2057.0
03:00 01.04.22,14418.0,14415.0,14433.0,14393.2,2832.0
04:00 01.04.22,14433.2,14417.2,14440.0,14407.0,2021.0
05:00 01.04.22,14438.2,14433.2,14445.5,14430.0,1997.0
06:00 01.04.22,14435.2,14438.2,14442.0,14431.0,1479.0
07:00 01.04.22,14429.9,14435.0,14457.9,14429.9,3164.0
08:00 01.04.22,14472.2,14431.9,14477.2,14411.2,9392.0
09:00 01.04.22,14451.2,14471.2,14521.2,14415.2,34423.0
10:00 01.04.22,14461.1,14451.1,14476.2,14435.1,19602.0
11:00 01.04.22,14494.2,14460.2,14515.2,14430.1,22771.0
12:00 01.04.22,14477.1,14495.2,14515.2,14468.1,14321.0
13:00 01.04.22,14493.2,14478.1,14502.1,14476.2,11509.0
14:00 01.04.22,14468.2,14493.2,14515.1,14455.2,15931.0
15:00 01.04.22,14484.7,14468.1,14525.2,14456.2,32476.0
16:00 01.04.22,14492.9,14484.7,14513.2,14443.9,45569.0
17:00 01.04.22,14428.9,14492.9,14497.9,14419.9,37338.0
18:00 01.04.22,14411.2,14428.9,14433.9,14400.9,25314.0
19:00 01.04.22,14445.9,14411.2,14455.2,14394.9,21771.0
20:00 01.04.22,14467.3,14445.2,14488.3,14443.9,24551.0
21:00 01.04.22,14492.9,14466.3,14506.3,14436.3,29291.0
02:00 04.04.22,14455.2,14453.2,14463.2,14425.2,1325.0
03:00 04.04.22,14465.2,14452.2,14477.0,14441.2,1583.0
04:00 04.04.22,14470.0,14467.2,14473.5,14452.2,1651.0
05:00 04.04.22,14494.0,14469.2,14494.0,14464.2,1814.0
06:00 04.04.22,14510.0,14494.0,14511.0,14491.2,1537.0
07:00 04.04.22,14544.9,14510.5,14551.9,14497.9,3626.0
08:00 04.04.22,14532.2,14544.4,14583.2,14504.2,8215.0
09:00 04.04.22,14407.2,14533.2,14545.1,14356.2,39964.0
10:00 04.04.22,14391.1,14408.1,14416.2,14347.2,26819.0
11:00 04.04.22,14487.2,14390.2,14496.1,14387.2,25143.0
12:00 04.04.22,14468.1,14487.1,14499.2,14455.2,17002.0
13:00 04.04.22,14465.4,14466.4,14487.4,14445.4,12943.0
14:00 04.04.22,14451.4,14465.4,14479.4,14439.1,14780.0
15:00 04.04.22,14516.4,14452.1,14519.1,14451.1,35436.0
16:00 04.04.22,14532.4,14516.4,14549.4,14490.1,46695.0
17:00 04.04.22,14562.4,14532.1,14574.1,14526.1,33588.0
18:00 04.04.22,14543.1,14563.1,14566.1,14537.1,15545.0
19:00 04.04.22,14560.4,14543.1,14560.4,14538.1,11450.0
20:00 04.04.22,14561.0,14560.1,14570.3,14541.3,13030.0
21:00 04.04.22,14571.4,14561.3,14579.0,14551.3,20350.0
02:00 05.04.22,14541.2,14541.7,14549.2,14532.2,1086.0
03:00 05.04.22,14550.2,14542.2,14561.5,14534.2,1077.0
04:00 05.04.22,14544.2,14550.2,14553.0,14542.2,599.0
05:00 05.04.22,14543.2,14545.2,14547.2,14533.5,936.0
06:00 05.04.22,14542.2,14543.2,14547.2,14540.0,1031.0
07:00 05.04.22,14536.9,14543.0,14543.9,14526.9,2084.0
08:00 05.04.22,14492.4,14539.9,14565.1,14482.1,9138.0
09:00 05.04.22,14592.4,14495.1,14620.4,14482.4,36430.0
10:00 05.04.22,14563.4,14592.4,14611.1,14557.4,16902.0
11:00 05.04.22,14484.4,14563.4,14580.4,14477.4,17187.0
12:00 05.04.22,14469.4,14484.4,14510.1,14428.4,23463.0
13:00 05.04.22,14488.1,14469.4,14502.1,14431.4,15645.0
14:00 05.04.22,14424.1,14488.1,14499.1,14418.1,15146.0
15:00 05.04.22,14454.4,14424.4,14480.1,14419.1,35046.0
16:00 05.04.22,14419.1,14454.4,14479.1,14364.1,48745.0
17:00 05.04.22,14406.4,14419.1,14446.4,14396.4,36015.0
18:00 05.04.22,14417.1,14406.4,14420.1,14376.4,21145.0
19:00 05.04.22,14397.1,14416.4,14446.1,14388.4,16749.0
20:00 05.04.22,14397.3,14397.1,14421.0,14388.3,19011.0
21:00 05.04.22,14386.3,14398.0,14405.0,14353.0,29009.0
02:00 06.04.22,14345.2,14396.7,14409.2,14345.2,1478.0
03:00 06.04.22,14331.2,14345.2,14373.0,14328.2,2304.0
04:00 06.04.22,14342.2,14330.2,14347.2,14328.2,1508.0
05:00 06.04.22,14341.2,14343.2,14352.0,14331.2,1884.0
06:00 06.04.22,14347.2,14342.0,14362.0,14340.2,2009.0
07:00 06.04.22,14372.9,14348.2,14384.9,14344.9,3402.0
08:00 06.04.22,14399.4,14372.9,14423.4,14368.4,9233.0
09:00 06.04.22,14268.4,14400.4,14454.4,14265.4,43974.0
10:00 06.04.22,14265.1,14270.1,14296.1,14219.4,31965.0
11:00 06.04.22,14255.4,14266.1,14281.1,14223.4,24392.0
12:00 06.04.22,14226.1,14256.4,14277.1,14208.1,24782.0
13:00 06.04.22,14151.1,14225.1,14228.1,14143.4,25755.0
14:00 06.04.22,14132.4,14150.4,14182.4,14112.4,28782.0
15:00 06.04.22,14070.1,14133.1,14149.1,14068.4,44368.0
16:00 06.04.22,14110.4,14071.1,14142.1,14042.1,53058.0
17:00 06.04.22,14169.4,14110.1,14178.4,14106.1,52142.0
18:00 06.04.22,14144.1,14170.1,14186.4,14136.1,25976.0
19:00 06.04.22,14153.4,14143.4,14188.4,14140.1,22273.0
20:00 06.04.22,14210.3,14154.4,14212.0,14090.0,66692.0
21:00 06.04.22,14162.3,14211.0,14227.3,14140.3,46266.0
02:00 07.04.22,14107.2,14093.2,14108.2,14088.8,2165.0
03:00 07.04.22,14129.2,14107.2,14152.2,14100.2,2831.0
04:00 07.04.22,14117.2,14130.2,14134.0,14113.2,1407.0
05:00 07.04.22,14107.2,14118.0,14121.2,14106.5,2391.0
06:00 07.04.22,14107.2,14107.2,14113.2,14096.0,1667.0
07:00 07.04.22,14121.9,14106.2,14128.9,14090.9,2989.0
08:00 07.04.22,14199.4,14120.9,14216.4,14106.4,11499.0
09:00 07.04.22,14173.4,14201.4,14254.4,14159.4,39043.0
10:00 07.04.22,14230.4,14173.4,14232.4,14134.4,29332.0
11:00 07.04.22,14245.4,14229.4,14256.1,14200.1,22931.0
12:00 07.04.22,14240.1,14246.4,14258.1,14234.4,15396.0
13:00 07.04.22,14247.4,14240.4,14335.4,14199.4,23225.0
14:00 07.04.22,14207.4,14247.4,14259.4,14187.1,19556.0
15:00 07.04.22,14217.1,14208.1,14237.4,14179.4,41654.0
16:00 07.04.22,14136.1,14214.1,14226.4,14128.1,48965.0
17:00 07.04.22,14100.1,14135.4,14165.1,14049.4,42004.0
18:00 07.04.22,14127.1,14100.1,14150.1,14092.1,26045.0
19:00 07.04.22,14200.4,14126.4,14207.1,14120.1,24764.0
20:00 07.04.22,14236.0,14200.4,14240.0,14170.3,26544.0
21:00 07.04.22,14216.0,14236.0,14251.0,14200.3,30848.0
02:00 08.04.22,14177.2,14224.7,14225.2,14161.2,1257.0
03:00 08.04.22,14157.2,14178.2,14187.2,14154.2,1486.0
04:00 08.04.22,14197.2,14157.2,14200.0,14157.2,1568.0
05:00 08.04.22,14183.2,14198.5,14199.0,14180.2,1171.0
06:00 08.04.22,14168.2,14184.2,14184.2,14160.2,1310.0
07:00 08.04.22,14216.9,14168.2,14221.9,14161.9,3220.0
08:00 08.04.22,14297.4,14216.9,14316.1,14214.4,10900.0
09:00 08.04.22,14318.4,14296.4,14325.4,14266.1,28366.0
10:00 08.04.22,14266.4,14318.4,14341.1,14255.1,23792.0
11:00 08.04.22,14291.4,14266.4,14296.1,14238.1,11118.0
12:00 08.04.22,14283.4,14292.1,14297.4,14240.4,9496.0
13:00 08.04.22,14286.4,14283.4,14308.4,14280.4,7509.0
14:00 08.04.22,14243.1,14286.4,14290.4,14235.1,16819.0
15:00 08.04.22,14203.4,14243.1,14243.4,14198.4,43533.0
16:00 08.04.22,14297.4,14200.4,14299.4,14192.4,50624.0
17:00 08.04.22,14282.4,14297.4,14309.1,14266.1,41597.0
18:00 08.04.22,14284.4,14283.1,14296.1,14266.1,25310.0
19:00 08.04.22,14263.1,14284.4,14288.4,14255.1,20015.0
20:00 08.04.22,14258.0,14262.4,14274.0,14234.0,25780.0
21:00 08.04.22,14243.3,14257.3,14268.3,14220.0,34219.0
02:00 11.04.22,14266.2,14193.2,14268.2,14191.2,3361.0
03:00 11.04.22,14196.2,14265.2,14272.0,14181.2,4652.0
04:00 11.04.22,14162.2,14196.2,14202.2,14155.0,3637.0
05:00 11.04.22,14159.2,14162.2,14187.0,14141.9,2897.0
06:00 11.04.22,14148.5,14159.2,14174.2,14145.0,1795.0
07:00 11.04.22,14182.9,14148.5,14182.9,14125.9,3949.0
08:00 11.04.22,14171.4,14180.9,14223.4,14157.4,12987.0
09:00 11.04.22,14245.4,14173.4,14320.4,14106.4,38766.0
10:00 11.04.22,14193.1,14245.4,14268.1,14133.4,26017.0
11:00 11.04.22,14230.4,14193.1,14253.4,14177.4,18553.0
12:00 11.04.22,14263.4,14229.4,14265.1,14228.4,18369.0
13:00 11.04.22,14200.4,14263.4,14277.4,14196.1,20253.0
14:00 11.04.22,14185.4,14200.1,14210.4,14163.1,21004.0
15:00 11.04.22,14241.1,14186.1,14247.4,14163.1,39649.0
16:00 11.04.22,14215.4,14241.1,14277.4,14201.4,45078.0
17:00 11.04.22,14206.1,14215.1,14227.1,14174.1,34014.0
18:00 11.04.22,14186.4,14206.1,14207.1,14175.1,18653.0
19:00 11.04.22,14189.4,14185.4,14200.4,14172.4,19611.0
20:00 11.04.22,14187.3,14189.4,14203.0,14155.3,22589.0
21:00 11.04.22,14083.4,14187.0,14196.0,14075.0,28976.0
02:00 12.04.22,14033.2,14079.2,14099.2,14030.5,2458.0
03:00 12.04.22,14013.2,14033.0,14040.5,14012.0,4034.0
04:00 12.04.22,14021.2,14013.2,14024.2,14009.0,2702.0
05:00 12.04.22,14006.0,14022.0,14023.2,14004.0,2642.0
06:00 12.04.22,13978.2,14006.0,14015.0,13971.2,2553.0
07:00 12.04.22,14005.9,13978.2,14025.9,13973.9,5085.0
08:00 12.04.22,13983.4,14005.9,14025.4,13950.9,14383.0
09:00 12.04.22,13977.1,13982.4,13985.4,13898.4,40137.0
10:00 12.04.22,14048.4,13976.4,14086.1,13946.4,26802.0
11:00 12.04.22,14049.4,14048.4,14077.4,14026.1,19924.0
12:00 12.04.22,14073.4,14049.4,14107.1,14043.4,17622.0
13:00 12.04.22,14093.1,14073.1,14094.4,14062.1,14166.0
14:00 12.04.22,14175.4,14092.4,14197.1,14077.1,30636.0
15:00 12.04.22,14179.4,14175.4,14188.4,14096.4,48351.0
16:00 12.04.22,14106.4,14181.4,14185.1,14099.1,50633.0
17:00 12.04.22,14134.1,14106.1,14155.1,14097.1,50262.0
18:00 12.04.22,14113.1,14134.1,14136.4,14086.4,35931.0
19:00 12.04.22,14058.4,14111.4,14131.1,14051.4,32639.0
20:00 12.04.22,14033.0,14057.4,14077.3,14003.3,43366.0
21:00 12.04.22,14026.4,14032.3,14034.3,13986.3,42029.0
02:00 13.04.22,14108.2,14082.0,14113.0,14067.2,1592.0
03:00 13.04.22,14098.2,14108.2,14113.2,14092.2,2861.0
04:00 13.04.22,14100.2,14098.2,14115.2,14093.5,2433.0
05:00 13.04.22,14111.2,14099.2,14118.0,14099.2,1922.0
06:00 13.04.22,14098.2,14111.2,14119.2,14090.2,1774.0
07:00 13.04.22,14157.9,14097.2,14163.9,14093.9,5194.0
08:00 13.04.22,14070.4,14156.9,14162.9,14054.1,12108.0
09:00 13.04.22,14067.4,14071.4,14099.4,14026.4,32689.0
10:00 13.04.22,14100.4,14067.4,14118.4,14057.1,18918.0
11:00 13.04.22,13995.4,14100.4,14107.1,13984.4,19099.0
12:00 13.04.22,14040.1,13994.4,14043.1,13984.4,21467.0
13:00 13.04.22,14015.4,14040.4,14059.4,14008.1,21126.0
14:00 13.04.22,13987.1,14016.1,14028.4,13975.4,27044.0
15:00 13.04.22,14039.4,13987.4,14058.1,13975.4,44686.0
16:00 13.04.22,14051.4,14040.4,14071.1,14015.4,53965.0
17:00 13.04.22,14056.4,14052.1,14105.4,14048.4,37512.0
18:00 13.04.22,14070.4,14056.4,14091.1,14047.4,21531.0
19:00 13.04.22,14063.4,14070.4,14088.1,14047.4,19319.0
20:00 13.04.22,14085.0,14063.4,14088.0,14059.0,18796.0
21:00 13.04.22,14112.9,14086.0,14118.0,14066.0,26326.0
02:00 14.04.22,14133.5,14125.2,14146.5,14118.2,2162.0
03:00 14.04.22,14140.2,14132.2,14143.2,14120.2,2426.0
04:00 14.04.22,14138.2,14143.0,14152.0,14132.2,1673.0
05:00 14.04.22,14142.0,14139.2,14151.2,14129.2,1858.0
06:00 14.04.22,14167.2,14142.2,14175.0,14142.2,1920.0
07:00 14.04.22,14168.9,14167.2,14194.9,14163.9,2975.0
08:00 14.04.22,14149.4,14170.4,14202.1,14136.4,11476.0
09:00 14.04.22,14123.4,14151.4,14151.4,14091.4,32980.0
10:00 14.04.22,14118.4,14124.4,14164.1,14093.4,22058.0
11:00 14.04.22,14092.4,14117.4,14125.1,14053.4,25414.0
12:00 14.04.22,14122.4,14093.1,14132.4,14090.4,19273.0
13:00 14.04.22,14152.4,14122.1,14197.4,14120.4,20933.0
14:00 14.04.22,14165.4,14152.4,14207.9,14148.4,16283.0
15:00 14.04.22,14160.4,14167.4,14220.4,14141.4,39656.0
16:00 14.04.22,14180.1,14160.4,14195.4,14154.1,48642.0
17:00 14.04.22,14150.1,14179.4,14203.1,14147.1,41033.0
18:00 14.04.22,14105.4,14149.1,14161.1,14092.1,25915.0
19:00 14.04.22,14157.1,14105.1,14157.4,14096.4,17554.0
20:00 14.04.22,14112.3,14157.1,14172.0,14111.0,20224.0
21:00 14.04.22,14108.3,14112.3,14133.0,14101.3,26348.0
02:00 19.04.22,14068.2,14176.2,14198.2,14053.2,2491.0
03:00 19.04.22,14088.2,14068.2,14103.0,14057.2,3432.0
04:00 19.04.22,14084.2,14088.2,14095.0,14070.2,1775.0
05:00 19.04.22,14101.0,14087.2,14114.2,14084.2,2369.0
06:00 19.04.22,14118.0,14101.2,14122.0,14097.2,1168.0
07:00 19.04.22,14100.9,14117.2,14117.9,14090.9,2618.0
08:00 19.04.22,14111.4,14099.9,14145.4,14077.4,9589.0
09:00 19.04.22,14113.4,14110.4,14130.1,14010.4,43201.0
10:00 19.04.22,14059.1,14113.1,14137.4,14045.4,28259.0
11:00 19.04.22,14031.1,14057.4,14060.1,14005.1,24517.0
12:00 19.04.22,14068.4,14031.4,14069.1,14016.1,16752.0
13:00 19.04.22,14079.1,14068.1,14087.4,14056.1,16888.0
14:00 19.04.22,14085.1,14079.1,14096.1,14069.1,16613.0
15:00 19.04.22,14153.1,14084.1,14153.4,14058.4,47056.0
16:00 19.04.22,14183.4,14154.1,14217.1,14139.4,47734.0
17:00 19.04.22,14193.4,14184.1,14206.1,14153.4,38675.0
18:00 19.04.22,14183.1,14194.1,14210.1,14177.1,19799.0
19:00 19.04.22,14203.4,14183.4,14211.4,14174.1,18321.0
20:00 19.04.22,14203.3,14203.1,14207.3,14179.0,24230.0
21:00 19.04.22,14255.3,14203.0,14258.0,14198.0,31602.0
02:00 20.04.22,14245.0,14213.0,14254.2,14203.7,2351.0
03:00 20.04.22,14191.2,14245.2,14255.2,14191.2,3749.0
04:00 20.04.22,14212.5,14191.2,14215.2,14191.2,3368.0
05:00 20.04.22,14227.2,14212.2,14228.2,14201.2,2278.0
06:00 20.04.22,14234.2,14227.2,14240.5,14214.2,1265.0
07:00 20.04.22,14250.9,14235.2,14252.9,14202.9,3879.0
08:00 20.04.22,14205.4,14253.9,14254.1,14185.4,9793.0
09:00 20.04.22,14213.4,14204.4,14250.4,14152.4,34091.0
10:00 20.04.22,14229.4,14213.1,14237.1,14191.4,23136.0
11:00 20.04.22,14329.1,14231.1,14346.1,14230.4,31404.0
12:00 20.04.22,14341.1,14328.1,14360.4,14322.1,20562.0
13:00 20.04.22,14345.4,14340.1,14353.1,14307.1,18006.0
14:00 20.04.22,14357.1,14345.1,14362.1,14317.1,18587.0
15:00 20.04.22,14340.4,14357.1,14372.4,14320.4,43216.0
16:00 20.04.22,14366.1,14338.4,14377.1,14330.4,51444.0
17:00 20.04.22,14378.1,14366.1,14396.1,14349.1,42437.0
18:00 20.04.22,14388.4,14378.1,14394.1,14353.4,28070.0
19:00 20.04.22,14381.4,14387.4,14396.4,14372.4,21795.0
20:00 20.04.22,14327.3,14381.4,14389.3,14313.0,22766.0
21:00 20.04.22,14351.4,14327.0,14376.0,14325.0,34836.0
02:00 21.04.22,14393.2,14371.2,14399.0,14371.2,1685.0
03:00 21.04.22,14414.0,14394.2,14417.0,14384.2,2476.0
04:00 21.04.22,14411.2,14414.0,14431.5,14406.2,1378.0
05:00 21.04.22,14392.2,14411.2,14416.2,14390.2,1954.0
06:00 21.04.22,14412.2,14392.2,14415.5,14389.2,1181.0
07:00 21.04.22,14423.9,14410.9,14443.9,14398.9,3872.0
08:00 21.04.22,14421.4,14422.9,14427.4,14389.1,10403.0
09:00 21.04.22,14521.1,14412.4,14532.1,14382.4,38759.0
10:00 21.04.22,14529.4,14521.1,14551.1,14505.1,27131.0
11:00 21.04.22,14541.4,14529.1,14562.4,14515.1,18867.0
12:00 21.04.22,14608.4,14541.1,14608.4,14540.4,18374.0
13:00 21.04.22,14601.4,14611.1,14616.1,14586.1,18453.0
14:00 21.04.22,14601.4,14601.1,14608.4,14575.4,13998.0
15:00 21.04.22,14564.1,14602.1,14605.1,14559.1,39476.0
16:00 21.04.22,14535.1,14564.1,14578.1,14524.1,45936.0
17:00 21.04.22,14463.1,14535.1,14551.4,14460.4,51168.0
18:00 21.04.22,14423.4,14463.1,14476.4,14416.4,41240.0
19:00 21.04.22,14420.1,14423.4,14459.1,14407.1,43739.0
20:00 21.04.22,14366.3,14419.1,14420.3,14354.3,39568.0
21:00 21.04.22,14348.3,14365.3,14397.0,14319.0,48208.0
02:00 22.04.22,14272.2,14312.2,14315.2,14244.0,4142.0
03:00 22.04.22,14278.2,14272.2,14292.2,14252.2,3986.0
04:00 22.04.22,14286.2,14279.2,14294.2,14266.0,2846.0
05:00 22.04.22,14287.2,14287.2,14299.0,14274.2,2375.0
06:00 22.04.22,14307.0,14287.2,14308.5,14272.2,2385.0
07:00 22.04.22,14334.9,14307.0,14357.9,14300.4,5646.0
08:00 22.04.22,14319.4,14336.9,14358.1,14310.4,11713.0
09:00 22.04.22,14355.4,14321.4,14389.4,14295.1,43763.0
10:00 22.04.22,14316.4,14356.4,14380.4,14309.4,27451.0
11:00 22.04.22,14243.1,14315.4,14340.4,14227.1,25043.0
12:00 22.04.22,14242.4,14243.1,14263.4,14223.4,24218.0
13:00 22.04.22,14271.4,14244.1,14280.1,14242.1,20246.0
14:00 22.04.22,14305.4,14271.1,14312.1,14269.4,22015.0
15:00 22.04.22,14229.4,14305.4,14312.4,14218.1,53265.0
16:00 22.04.22,14192.1,14228.4,14280.4,14176.0,65501.0
17:00 22.04.22,14141.1,14191.1,14226.1,14126.4,55328.0
18:00 22.04.22,14140.4,14141.1,14173.1,14131.1,31160.0
19:00 22.04.22,14110.1,14140.1,14151.1,14109.4,24634.0
20:00 22.04.22,14105.0,14109.4,14149.3,14087.0,32828.0
21:00 22.04.22,14076.4,14106.0,14159.0,14059.3,49171.0
02:00 25.04.22,14042.2,14042.2,14064.2,14018.2,3440.0
03:00 25.04.22,13961.2,14043.2,14050.2,13952.2,5337.0
04:00 25.04.22,13931.2,13961.2,13964.2,13919.0,4746.0
05:00 25.04.22,13946.2,13931.2,13969.5,13931.2,4833.0
06:00 25.04.22,13930.0,13947.2,13955.2,13919.1,2219.0
07:00 25.04.22,13930.9,13930.0,13970.9,13921.9,5227.0
08:00 25.04.22,13908.4,13932.9,13973.4,13870.4,20908.0
09:00 25.04.22,13968.4,13901.4,14055.4,13880.4,47268.0
10:00 25.04.22,13903.4,13968.4,14014.4,13881.4,29236.0
11:00 25.04.22,13917.4,13902.4,13959.1,13877.4,30912.0
12:00 25.04.22,13916.1,13917.4,13938.4,13897.4,21711.0
13:00 25.04.22,13982.4,13915.4,13992.4,13900.4,28339.0
14:00 25.04.22,14048.4,13983.1,14052.4,13965.4,27557.0
15:00 25.04.22,13965.4,14048.1,14049.1,13964.1,55374.0
16:00 25.04.22,13944.4,13968.4,14041.4,13942.4,69815.0
17:00 25.04.22,13943.4,13946.1,13994.4,13906.4,67323.0
18:00 25.04.22,13974.4,13941.4,13997.4,13923.4,50856.0
19:00 25.04.22,14007.4,13973.4,14032.4,13950.1,49192.0
20:00 25.04.22,14053.3,14009.1,14091.3,13990.3,49766.0
21:00 25.04.22,14101.4,14053.0,14121.3,14029.0,51858.0
02:00 26.04.22,14100.2,14090.2,14101.2,14073.2,1806.0
03:00 26.04.22,14103.0,14100.2,14117.0,14086.2,3064.0
04:00 26.04.22,14140.2,14103.0,14142.5,14098.2,2948.0
05:00 26.04.22,14149.2,14140.2,14158.0,14140.2,2355.0
06:00 26.04.22,14157.2,14151.2,14162.0,14146.2,1778.0
07:00 26.04.22,14146.9,14157.2,14181.9,14128.9,4021.0
08:00 26.04.22,14138.4,14145.9,14168.4,14092.4,13392.0
09:00 26.04.22,14072.1,14137.4,14137.4,14030.1,43690.0
10:00 26.04.22,14107.4,14071.4,14119.4,14044.4,28028.0
11:00 26.04.22,14115.1,14107.4,14125.1,14089.1,21168.0
12:00 26.04.22,14090.4,14115.1,14131.1,14080.4,19224.0
13:00 26.04.22,14083.4,14090.1,14100.1,14053.4,18280.0
14:00 26.04.22,14073.1,14084.1,14127.1,14018.4,24161.0
15:00 26.04.22,14003.4,14071.4,14072.4,13985.4,44545.0
16:00 26.04.22,13867.4,14002.4,14043.4,13863.4,72518.0
17:00 26.04.22,13748.4,13865.4,13865.4,13736.1,62949.0
18:00 26.04.22,13860.4,13749.4,13862.1,13747.1,40015.0
19:00 26.04.22,13749.1,13860.4,13861.4,13719.4,36417.0
20:00 26.04.22,13786.3,13748.1,13791.0,13734.3,38970.0
21:00 26.04.22,13648.0,13787.0,13798.3,13648.0,43013.0
02:00 27.04.22,13644.2,13659.2,13683.2,13631.4,2989.0
03:00 27.04.22,13702.2,13644.0,13727.2,13640.2,4870.0
04:00 27.04.22,13707.2,13702.2,13712.2,13665.2,6875.0
05:00 27.04.22,13706.2,13707.2,13720.2,13687.2,3980.0
06:00 27.04.22,13716.2,13706.2,13722.0,13700.2,2999.0
07:00 27.04.22,13759.9,13716.2,13773.9,13705.9,5955.0
08:00 27.04.22,13786.4,13757.4,13797.1,13732.4,12394.0
09:00 27.04.22,13784.4,13785.4,13806.4,13576.4,46918.0
10:00 27.04.22,13797.4,13787.4,13839.1,13725.4,32967.0
11:00 27.04.22,13841.1,13797.4,13844.6,13777.1,22909.0
12:00 27.04.22,13846.4,13841.1,13860.1,13786.4,24468.0
13:00 27.04.22,13797.4,13848.1,13848.1,13750.4,28653.0
14:00 27.04.22,13784.4,13797.1,13844.4,13773.4,25846.0
15:00 27.04.22,13812.4,13784.4,13867.4,13765.1,58912.0
16:00 27.04.22,13752.4,13813.4,13824.4,13675.4,81560.0
17:00 27.04.22,13789.4,13752.4,13814.4,13732.4,81399.0
18:00 27.04.22,13843.4,13790.1,13868.1,13771.1,46032.0
19:00 27.04.22,13841.1,13845.1,13853.4,13795.1,52334.0
20:00 27.04.22,13777.3,13841.1,13841.1,13761.4,50010.0
21:00 27.04.22,13761.4,13777.3,13791.0,13740.3,56372.0
02:00 28.04.22,13829.2,13836.2,13844.0,13777.0,2242.0
03:00 28.04.22,13834.2,13829.2,13846.5,13796.2,4113.0
04:00 28.04.22,13842.2,13837.2,13857.0,13826.2,2718.0
05:00 28.04.22,13833.2,13842.2,13856.2,13824.2,3588.0
06:00 28.04.22,13854.5,13835.2,13861.2,13827.0,2791.0
07:00 28.04.22,13885.9,13855.5,13900.9,13827.9,5002.0
08:00 28.04.22,13925.4,13885.9,13939.4,13864.4,11224.0
09:00 28.04.22,14024.4,13926.4,14051.4,13906.4,52388.0
10:00 28.04.22,14088.1,14023.4,14089.1,14021.1,30581.0
11:00 28.04.22,14035.1,14087.4,14094.1,14025.1,22748.0
12:00 28.04.22,13999.4,14035.1,14065.1,13956.4,29000.0
13:00 28.04.22,14017.1,13999.1,14048.1,13996.1,23017.0
14:00 28.04.22,14009.1,14016.4,14042.4,13972.4,33087.0
15:00 28.04.22,13926.1,14008.1,14026.4,13925.1,59439.0
16:00 28.04.22,13922.4,13925.1,13954.4,13837.4,79889.0
17:00 28.04.22,13974.1,13920.4,14003.4,13911.4,55153.0
18:00 28.04.22,14068.1,13975.1,14091.1,13962.1,41497.0
19:00 28.04.22,14100.4,14067.4,14111.4,14054.4,42391.0
20:00 28.04.22,14109.3,14101.1,14118.0,14088.3,31536.0
21:00 28.04.22,14111.3,14110.3,14139.3,14086.0,42192.0
03:00 29.04.22,14123.0,14079.2,14138.5,14072.7,1938.0
04:00 29.04.22,14115.2,14121.5,14128.5,14092.0,3497.0
05:00 29.04.22,14131.2,14115.2,14152.0,14103.2,5074.0
06:00 29.04.22,14154.2,14132.2,14158.2,14122.2,2746.0
07:00 29.04.22,14159.9,14153.9,14181.9,14137.9,5953.0
08:00 29.04.22,14117.4,14158.9,14174.1,14103.4,14036.0
09:00 29.04.22,14147.4,14117.4,14173.4,14087.4,44781.0
10:00 29.04.22,14175.4,14147.4,14188.4,14135.4,31068.0
11:00 29.04.22,14132.4,14175.1,14176.1,14106.4,27520.0
12:00 29.04.22,14060.1,14132.4,14150.4,14050.4,26594.0
13:00 29.04.22,14105.1,14061.4,14114.1,14058.1,23753.0
14:00 29.04.22,14136.1,14104.4,14160.4,14100.4,26227.0
15:00 29.04.22,14197.7,14134.1,14204.9,14097.1,56004.0
16:00 29.04.22,14107.4,14199.4,14205.4,14062.4,67220.0
17:00 29.04.22,14107.4,14104.1,14156.1,14075.1,57314.0
18:00 29.04.22,14043.1,14108.1,14110.1,14032.1,36209.0
19:00 29.04.22,14048.1,14042.4,14098.4,14039.1,34533.0
20:00 29.04.22,14012.3,14049.1,14068.3,13989.3,37885.0
21:00 29.04.22,13913.3,14013.0,14022.3,13894.3,52464.0
02:00 02.05.22,13921.2,13932.7,13956.2,13889.2,5173.0
03:00 02.05.22,13870.2,13922.2,13937.0,13870.2,5293.0
04:00 02.05.22,13905.2,13869.2,13915.2,13860.5,4889.0
05:00 02.05.22,13941.2,13906.5,13956.5,13906.5,5512.0
06:00 02.05.22,13946.2,13940.2,13953.2,13923.2,3913.0
07:00 02.05.22,13881.4,13945.4,13957.9,13881.4,6469.0
08:00 02.05.22,13968.4,13881.9,13973.4,13880.9,8967.0
09:00 02.05.22,13861.4,13975.4,14042.4,13807.4,30900.0
10:00 02.05.22,13933.4,13859.4,13984.4,13847.4,31739.0
11:00 02.05.22,13985.1,13933.4,14018.4,13930.1,19050.0
12:00 02.05.22,14002.4,13985.1,14023.1,13978.1,15109.0
13:00 02.05.22,13933.4,14001.1,14013.4,13918.4,17069.0
14:00 02.05.22,13966.1,13934.4,13970.4,13906.1,19841.0
15:00 02.05.22,13982.4,13966.1,14006.4,13913.4,55147.0
16:00 02.05.22,13945.4,13973.4,14034.1,13908.4,77450.0
17:00 02.05.22,13938.1,13945.4,13964.4,13878.4,65732.0
18:00 02.05.22,13886.4,13938.1,13963.1,13884.4,38719.0
19:00 02.05.22,13885.1,13887.4,13913.4,13858.4,37622.0
20:00 02.05.22,13860.3,13885.1,13908.3,13829.3,43224.0
21:00 02.05.22,13967.9,13859.3,13987.3,13857.3,52282.0
02:00 03.05.22,13986.2,13959.7,14009.5,13959.7,2930.0
03:00 03.05.22,13997.2,13986.2,14007.2,13951.0,5333.0
04:00 03.05.22,14042.0,13997.2,14049.5,13996.2,4693.0
05:00 03.05.22,14023.2,14041.2,14049.2,14021.0,3139.0
06:00 03.05.22,14018.2,14024.2,14050.5,14018.2,3473.0
07:00 03.05.22,14046.9,14018.2,14069.9,14015.4,5636.0
08:00 03.05.22,14009.4,14047.9,14049.4,13996.4,14648.0
09:00 03.05.22,14034.4,14005.1,14065.1,13942.4,43806.0
10:00 03.05.22,14020.4,14034.4,14083.4,14014.4,31059.0
11:00 03.05.22,14017.1,14020.4,14032.4,13989.1,25257.0
12:00 03.05.22,13944.4,14016.4,14028.1,13935.4,29969.0
13:00 03.05.22,13975.1,13944.4,13996.4,13934.4,22658.0
14:00 03.05.22,13975.4,13974.4,14008.1,13960.4,24246.0
15:00 03.05.22,13955.7,13974.4,13977.1,13922.1,57265.0
16:00 03.05.22,13978.1,13957.4,13988.1,13935.4,73811.0
17:00 03.05.22,14011.1,13979.1,14047.4,13971.1,64945.0
18:00 03.05.22,14003.4,14009.4,14036.1,13979.1,55164.0
19:00 03.05.22,14018.1,14005.1,14039.1,13999.1,44747.0
20:00 03.05.22,14034.3,14018.1,14036.0,13970.0,54743.0
21:00 03.05.22,14017.4,14035.0,14045.0,13975.0,63869.0
02:00 04.05.22,14022.0,14034.2,14036.5,14017.0,1454.0
03:00 04.05.22,14035.2,14022.2,14050.5,14022.2,3563.0
04:00 04.05.22,14009.0,14036.0,14046.0,14008.5,3532.0
05:00 04.05.22,13998.5,14009.2,14026.5,13993.5,2758.0
06:00 04.05.22,14014.5,13998.5,14034.5,13998.5,2728.0
07:00 04.05.22,14012.9,14014.0,14024.9,13998.9,4058.0
08:00 04.05.22,14015.4,14012.9,14033.4,13985.4,11295.0
09:00 04.05.22,14033.4,14015.4,14073.4,13978.1,42447.0
10:00 04.05.22,14014.1,14033.4,14044.1,13995.1,23105.0
11:00 04.05.22,14013.4,14013.4,14018.1,13970.4,23493.0
12:00 04.05.22,14032.4,14014.1,14037.1,14001.4,21148.0
13:00 04.05.22,14030.1,14032.4,14047.1,14018.1,19238.0
14:00 04.05.22,14023.4,14030.4,14049.1,14020.1,19327.0
15:00 04.05.22,14050.4,14022.4,14076.4,14021.4,44707.0
16:00 04.05.22,14011.1,14050.4,14054.4,14000.4,59577.0
17:00 04.05.22,14016.4,14010.1,14024.1,13966.1,51797.0
18:00 04.05.22,14054.4,14016.4,14055.4,14001.4,34840.0
19:00 04.05.22,14055.4,14056.1,14075.7,14034.1,35635.0
20:00 04.05.22,14154.0,14053.4,14167.3,13989.3,72059.0
21:00 04.05.22,14258.3,14155.3,14270.3,14147.3,51756.0
02:00 05.05.22,14266.0,14209.5,14273.5,14209.5,2400.0
03:00 05.05.22,14248.5,14266.0,14281.0,14239.0,4339.0
04:00 05.05.22,14251.0,14249.0,14264.0,14242.0,3706.0
05:00 05.05.22,14274.0,14251.5,14283.5,14251.5,3005.0
06:00 05.05.22,14289.5,14274.0,14293.0,14270.5,2279.0
07:00 05.05.22,14289.9,14289.5,14308.9,14277.9,6119.0
08:00 05.05.22,14288.4,14291.9,14303.1,14259.4,17408.0
09:00 05.05.22,14234.4,14290.1,14319.4,14211.4,51518.0
10:00 05.05.22,14163.4,14233.4,14240.4,14151.4,35987.0
11:00 05.05.22,14157.4,14163.1,14185.1,14141.4,28292.0
12:00 05.05.22,14178.4,14158.1,14193.4,14148.1,21682.0
13:00 05.05.22,14190.4,14179.4,14209.4,14168.1,24456.0
14:00 05.05.22,14150.1,14190.1,14203.1,14149.1,22013.0
15:00 05.05.22,14066.1,14149.4,14152.4,14048.4,62735.0
16:00 05.05.22,13962.4,14066.4,14069.1,13935.4,86712.0
17:00 05.05.22,13829.1,13961.4,13965.1,13815.4,91251.0
18:00 05.05.22,13904.1,13827.4,13905.4,13793.1,79307.0
19:00 05.05.22,13876.1,13904.1,13934.1,13862.1,65452.0
20:00 05.05.22,13863.3,13875.1,13911.3,13840.0,59190.0
21:00 05.05.22,13864.9,13863.3,13875.3,13792.3,66170.0
02:00 06.05.22,13835.2,13813.7,13860.0,13808.0,4355.0
03:00 06.05.22,13832.2,13834.2,13852.0,13813.2,6183.0
04:00 06.05.22,13852.2,13832.2,13863.0,13816.2,3900.0
05:00 06.05.22,13886.2,13853.0,13886.2,13837.0,4951.0
06:00 06.05.22,13858.5,13886.2,13886.5,13845.0,4832.0
07:00 06.05.22,13849.9,13858.2,13862.9,13826.9,7503.0
08:00 06.05.22,13846.4,13850.9,13899.4,13837.4,13866.0
09:00 06.05.22,13793.1,13847.4,13851.4,13706.4,48343.0
10:00 06.05.22,13755.4,13793.4,13830.4,13740.4,36518.0
11:00 06.05.22,13771.4,13754.4,13776.4,13686.4,30770.0
12:00 06.05.22,13737.1,13772.1,13785.4,13723.1,24877.0
13:00 06.05.22,13709.1,13737.4,13738.4,13678.4,25475.0
14:00 06.05.22,13702.4,13709.1,13812.2,13702.1,32770.0
15:00 06.05.22,13596.4,13703.4,13726.4,13588.1,70708.0
16:00 06.05.22,13716.4,13598.1,13735.1,13589.1,101550.0
17:00 06.05.22,13612.4,13714.4,13743.1,13604.1,85743.0
18:00 06.05.22,13716.4,13612.1,13723.1,13602.4,59820.0
19:00 06.05.22,13658.1,13716.4,13736.1,13648.4,53974.0
20:00 06.05.22,13631.3,13656.4,13668.3,13606.3,53933.0
21:00 06.05.22,13673.4,13630.3,13708.3,13611.3,54211.0
02:00 09.05.22,13499.2,13530.7,13551.0,13494.2,4461.0
03:00 09.05.22,13519.2,13500.0,13537.5,13476.2,8042.0
04:00 09.05.22,13530.2,13519.2,13532.0,13499.0,4558.0
05:00 09.05.22,13545.0,13530.2,13557.0,13526.0,5293.0
06:00 09.05.22,13531.0,13545.5,13547.5,13529.5,2934.0
07:00 09.05.22,13506.9,13531.0,13545.9,13503.9,6886.0
08:00 09.05.22,13576.4,13507.9,13600.1,13507.9,16084.0
09:00 09.05.22,13577.4,13584.4,13694.4,13571.4,46357.0
10:00 09.05.22,13559.4,13577.4,13580.4,13485.4,19251.0
11:00 09.05.22,13541.4,13558.4,13594.1,13506.4,13693.0
12:00 09.05.22,13419.1,13541.4,13555.4,13414.1,14513.0
13:00 09.05.22,13481.4,13419.1,13485.4,13404.1,14475.0
14:00 09.05.22,13490.4,13480.4,13514.1,13415.4,13989.0
15:00 09.05.22,13515.4,13491.4,13537.1,13472.4,16611.0
16:00 09.05.22,13461.4,13515.4,13535.4,13450.4,19684.0
17:00 09.05.22,13439.4,13462.4,13468.4,13342.1,20714.0
18:00 09.05.22,13446.4,13440.4,13510.4,13408.4,16825.0
19:00 09.05.22,13453.1,13446.1,13479.4,13424.4,15259.0
20:00 09.05.22,13461.4,13452.4,13478.4,13423.4,14894.0
21:00 09.05.22,13391.0,13463.4,13481.0,13358.4,16191.0
02:00 10.05.22,13291.9,13356.2,13356.2,13272.0,4844.0
03:00 10.05.22,13357.2,13293.2,13367.5,13279.2,8566.0
04:00 10.05.22,13397.2,13357.7,13426.2,13351.2,6748.0
05:00 10.05.22,13418.2,13398.2,13424.0,13377.2,4862.0
06:00 10.05.22,13419.2,13418.2,13437.0,13407.2,2303.0
07:00 10.05.22,13453.9,13419.4,13484.9,13414.4,5364.0
08:00 10.05.22,13577.4,13459.9,13601.4,13440.4,10930.0
09:00 10.05.22,13538.4,13582.4,13596.6,13509.4,19132.0
10:00 10.05.22,13575.4,13539.1,13625.1,13535.4,15219.0
11:00 10.05.22,13553.4,13575.4,13622.4,13546.4,13655.0
12:00 10.05.22,13561.1,13553.4,13584.4,13540.4,11489.0
13:00 10.05.22,13560.4,13560.4,13569.1,13525.4,11205.0
14:00 10.05.22,13679.4,13559.4,13682.1,13557.1,14257.0
15:00 10.05.22,13702.1,13679.4,13721.6,13635.4,19608.0
16:00 10.05.22,13581.4,13702.4,13716.4,13571.4,22224.0
17:00 10.05.22,13534.4,13581.4,13606.4,13513.1,21797.0
18:00 10.05.22,13509.4,13533.6,13561.1,13481.4,18126.0
19:00 10.05.22,13647.4,13510.4,13649.4,13505.4,17920.0
20:00 10.05.22,13614.4,13647.4,13649.4,13580.0,17138.0
21:00 10.05.22,13583.4,13614.4,13637.0,13548.0,16693.0
02:00 11.05.22,13546.2,13586.2,13605.2,13536.0,2719.0
03:00 11.05.22,13598.0,13547.0,13603.0,13530.0,4934.0
04:00 11.05.22,13612.2,13596.2,13622.2,13587.2,3247.0
05:00 11.05.22,13625.2,13611.2,13636.0,13610.2,2124.0
06:00 11.05.22,13601.2,13625.0,13625.0,13591.5,2458.0
07:00 11.05.22,13591.9,13601.2,13627.9,13581.9,5331.0
08:00 11.05.22,13595.1,13590.9,13634.4,13567.4,7369.0
09:00 11.05.22,13577.4,13595.1,13621.4,13548.1,18134.0
10:00 11.05.22,13654.1,13577.4,13670.1,13559.4,15136.0
11:00 11.05.22,13668.4,13653.4,13686.1,13652.1,12304.0
12:00 11.05.22,13715.1,13668.1,13716.4,13633.4,12523.0
13:00 11.05.22,13725.6,13715.4,13734.6,13696.1,11492.0
14:00 11.05.22,13533.4,13726.4,13738.1,13507.4,19329.0
15:00 11.05.22,13751.4,13532.4,13783.4,13528.1,22987.0
16:00 11.05.22,13776.4,13752.1,13820.6,13716.1,22698.0
17:00 11.05.22,13804.4,13777.1,13874.4,13761.4,20908.0
18:00 11.05.22,13707.4,13804.4,13817.6,13705.4,17644.0
19:00 11.05.22,13642.1,13707.1,13714.4,13632.1,18686.0
20:00 11.05.22,13670.4,13643.1,13735.4,13642.0,18575.0
21:00 11.05.22,13606.4,13670.4,13679.5,13595.4,16974.0
02:00 12.05.22,13633.2,13617.2,13643.2,13546.2,4431.0
03:00 12.05.22,13629.2,13633.2,13647.2,13602.2,5846.0
04:00 12.05.22,13603.2,13628.2,13644.5,13584.2,4195.0
05:00 12.05.22,13595.2,13603.2,13612.0,13585.2,4186.0
06:00 12.05.22,13567.5,13595.2,13599.0,13552.2,4435.0
07:00 12.05.22,13505.9,13568.0,13576.9,13500.9,7496.0
08:00 12.05.22,13527.1,13508.9,13571.1,13505.6,10361.0
09:00 12.05.22,13608.4,13530.4,13636.4,13476.4,21688.0
10:00 12.05.22,13524.4,13610.6,13616.1,13511.1,15767.0
11:00 12.05.22,13502.4,13525.1,13530.4,13475.4,15385.0
12:00 12.05.22,13555.4,13503.4,13561.4,13492.4,13021.0
13:00 12.05.22,13503.1,13558.4,13614.1,13500.4,15233.0
14:00 12.05.22,13528.1,13502.4,13532.1,13475.4,15748.0
15:00 12.05.22,13601.4,13528.1,13625.4,13511.4,19450.0
16:00 12.05.22,13747.4,13599.6,13758.4,13583.1,22750.0
17:00 12.05.22,13669.4,13748.6,13805.1,13669.4,21690.0
18:00 12.05.22,13724.4,13669.4,13763.4,13652.4,19401.0
19:00 12.05.22,13648.4,13723.4,13735.4,13627.4,17498.0
20:00 12.05.22,13624.4,13647.4,13674.4,13618.0,16452.0
21:00 12.05.22,13715.4,13625.0,13724.0,13618.4,17707.0
02:00 13.05.22,13838.2,13773.2,13842.0,13766.7,3441.0
03:00 13.05.22,13869.2,13837.2,13872.5,13835.0,5583.0
04:00 13.05.22,13863.2,13869.2,13881.0,13861.2,2780.0
05:00 13.05.22,13899.0,13864.2,13919.5,13860.2,3994.0
06:00 13.05.22,13884.2,13900.2,13901.2,13870.5,2446.0
07:00 13.05.22,13902.9,13885.0,13913.9,13876.9,3970.0
08:00 13.05.22,13831.4,13901.9,13903.4,13804.4,11127.0
09:00 13.05.22,13835.4,13835.4,13877.4,13785.4,18840.0
10:00 13.05.22,13898.4,13835.4,13932.1,13835.4,15479.0
11:00 13.05.22,13891.4,13899.1,13923.6,13872.4,11932.0
12:00 13.05.22,13927.4,13893.1,13930.4,13891.4,10664.0
13:00 13.05.22,13944.4,13926.4,13949.1,13912.4,9618.0
14:00 13.05.22,13932.1,13944.4,13959.1,13931.1,11332.0
15:00 13.05.22,13930.4,13932.4,13943.1,13892.1,15928.0
16:00 13.05.22,13968.1,13930.4,14019.1,13930.4,19923.0
17:00 13.05.22,14026.4,13968.1,14030.4,13961.4,18755.0
18:00 13.05.22,14046.1,14027.1,14060.1,14022.1,13891.0
19:00 13.05.22,13997.4,14045.4,14053.4,13993.1,14060.0
20:00 13.05.22,14026.0,13997.4,14028.0,13961.4,16466.0
21:00 13.05.22,14042.9,14026.0,14050.4,14012.4,14961.0
02:00 16.05.22,14074.2,14070.2,14081.0,14055.2,3030.0
03:00 16.05.22,14012.2,14076.2,14093.0,14005.2,5080.0
04:00 16.05.22,13969.2,14012.2,14012.2,13935.2,7740.0
05:00 16.05.22,13953.2,13969.2,13976.0,13926.2,4630.0
06:00 16.05.22,13987.2,13953.2,13989.0,13952.2,3808.0
07:00 16.05.22,13985.9,13988.5,13997.9,13968.9,5519.0
08:00 16.05.22,13957.4,13986.9,13999.1,13938.4,8891.0
09:00 16.05.22,13930.4,13957.4,13993.4,13889.4,18827.0
10:00 16.05.22,14032.4,13931.4,14033.1,13928.4,14106.0
11:00 16.05.22,13945.4,14032.1,14034.4,13939.1,12853.0
12:00 16.05.22,13933.4,13946.6,13955.4,13925.1,10590.0
13:00 16.05.22,13917.4,13934.6,13954.4,13917.1,10094.0
14:00 16.05.22,13924.1,13918.4,13956.1,13913.1,11350.0
15:00 16.05.22,13885.4,13924.4,13930.1,13861.4,17989.0
16:00 16.05.22,13901.4,13886.1,13951.1,13855.1,20699.0
17:00 16.05.22,13998.1,13901.4,14000.4,13893.1,20448.0
18:00 16.05.22,13962.4,13998.4,14004.1,13954.1,15706.0
19:00 16.05.22,14016.4,13961.4,14032.1,13953.4,15047.0
20:00 16.05.22,14034.1,14018.1,14057.4,14005.1,14802.0
21:00 16.05.22,14000.4,14034.1,14041.4,13984.1,15776.0
02:00 17.05.22,14013.2,13999.2,14043.2,13987.2,2088.0
03:00 17.05.22,14063.2,14013.2,14063.2,14005.2,3333.0
04:00 17.05.22,14030.2,14063.2,14064.0,14025.2,2594.0
05:00 17.05.22,14051.2,14033.0,14056.2,14031.2,2102.0
06:00 17.05.22,14049.2,14051.2,14056.2,14041.0,1788.0
07:00 17.05.22,14070.9,14049.2,14077.9,14040.9,3275.0
08:00 17.05.22,14079.1,14069.9,14081.4,14052.6,6087.0
09:00 17.05.22,14111.4,14080.1,14144.6,14046.1,19068.0
10:00 17.05.22,14133.4,14111.1,14176.4,14111.1,16084.0
11:00 17.05.22,14181.4,14134.1,14186.1,14124.4,13001.0
12:00 17.05.22,14177.1,14181.1,14194.1,14150.4,12613.0
13:00 17.05.22,14169.1,14177.1,14190.4,14148.4,12138.0
14:00 17.05.22,14158.4,14169.1,14181.6,14142.4,12620.0
15:00 17.05.22,14139.4,14158.4,14194.6,14131.1,15987.0
16:00 17.05.22,14127.4,14140.4,14167.1,14094.4,19367.0
17:00 17.05.22,14178.4,14127.4,14191.1,14124.6,17975.0
18:00 17.05.22,14192.4,14179.4,14206.1,14151.1,13958.0
19:00 17.05.22,14191.4,14192.4,14206.1,14175.4,11740.0
20:00 17.05.22,14204.4,14192.4,14216.4,14139.4,17732.0
21:00 17.05.22,14240.9,14205.4,14242.4,14202.4,15170.0
02:00 18.05.22,14224.4,14239.4,14255.4,14223.4,1600.0
03:00 18.05.22,14202.7,14226.4,14232.4,14180.4,2695.0
04:00 18.05.22,14202.4,14202.7,14213.4,14192.4,2005.0
05:00 18.05.22,14182.4,14202.4,14210.4,14159.4,2023.0
06:00 18.05.22,14182.4,14180.4,14191.4,14171.4,1869.0
07:00 18.05.22,14207.9,14182.4,14214.9,14182.4,2889.0
08:00 18.05.22,14190.4,14208.9,14224.4,14178.4,6456.0
09:00 18.05.22,14155.4,14191.4,14212.4,14144.4,16838.0
10:00 18.05.22,14171.4,14156.1,14179.1,14149.4,11393.0
11:00 18.05.22,14212.4,14172.4,14213.1,14163.1,10048.0
12:00 18.05.22,14180.4,14213.1,14219.1,14169.4,10397.0
13:00 18.05.22,14143.4,14181.1,14183.4,14135.4,11752.0
14:00 18.05.22,14092.1,14143.4,14159.4,14089.8,12979.0
15:00 18.05.22,14047.4,14092.4,14102.1,14042.4,18390.0
16:00 18.05.22,14070.4,14047.4,14086.1,14032.1,19817.0
17:00 18.05.22,13968.4,14070.1,14070.1,13964.1,19774.0
18:00 18.05.22,13992.4,13969.1,13993.4,13943.1,15595.0
19:00 18.05.22,13908.1,13991.4,13992.1,13898.4,14516.0
20:00 18.05.22,13881.0,13907.4,13925.4,13875.0,15290.0
21:00 18.05.22,13875.4,13881.0,13912.0,13861.8,16429.0
02:00 19.05.22,13844.4,13836.4,13856.4,13831.4,3098.0
03:00 19.05.22,13831.4,13845.4,13860.4,13814.4,4084.0
04:00 19.05.22,13882.4,13829.4,13884.4,13828.4,3409.0
05:00 19.05.22,13900.4,13882.4,13915.4,13869.4,4389.0
06:00 19.05.22,13908.4,13901.4,13919.4,13889.4,2556.0
07:00 19.05.22,13881.9,13909.4,13918.9,13861.9,4599.0
08:00 19.05.22,13843.4,13880.9,13887.4,13837.1,8609.0
09:00 19.05.22,13751.4,13846.6,13852.4,13686.4,22814.0
10:00 19.05.22,13711.4,13750.4,13765.4,13709.1,15496.0
11:00 19.05.22,13695.1,13711.1,13738.4,13671.1,14117.0
12:00 19.05.22,13743.6,13694.4,13743.6,13684.4,11801.0
13:00 19.05.22,13787.4,13743.6,13803.1,13691.1,14101.0
14:00 19.05.22,13746.4,13787.4,13795.4,13725.4,12711.0
15:00 19.05.22,13760.6,13746.4,13821.6,13717.4,18054.0
16:00 19.05.22,13854.6,13760.6,13871.4,13754.4,21618.0
17:00 19.05.22,13913.4,13853.4,13938.4,13822.4,20782.0
18:00 19.05.22,13883.4,13914.1,13933.4,13854.1,16595.0
19:00 19.05.22,13922.4,13882.4,13928.4,13841.1,16524.0
20:00 19.05.22,13946.4,13921.4,13950.4,13888.4,16443.0
21:00 19.05.22,13894.4,13947.4,13972.0,13885.0,17359.0
02:00 20.05.22,13936.4,13944.4,13967.4,13930.4,2505.0
03:00 20.05.22,13988.4,13936.4,13998.4,13932.4,3746.0
04:00 20.05.22,13991.4,13989.4,13998.4,13956.4,2911.0
05:00 20.05.22,13975.4,13991.4,13991.4,13966.4,2442.0
06:00 20.05.22,14002.4,13975.4,14010.4,13971.4,2673.0
07:00 20.05.22,13989.9,14001.4,14008.9,13983.9,3620.0
08:00 20.05.22,13962.4,13990.9,13992.4,13943.4,8915.0
09:00 20.05.22,14055.4,13963.4,14065.1,13950.4,19133.0
10:00 20.05.22,14102.4,14056.1,14120.1,14035.4,15254.0
11:00 20.05.22,14141.4,14102.4,14147.1,14095.1,14463.0
12:00 20.05.22,14138.4,14140.4,14141.1,14111.4,10570.0
13:00 20.05.22,14136.4,14139.1,14149.1,14113.1,11107.0
14:00 20.05.22,14107.1,14137.1,14147.1,14080.1,12067.0
15:00 20.05.22,14087.4,14107.1,14130.1,14074.1,16814.0
16:00 20.05.22,13947.1,14088.4,14090.4,13945.1,21686.0
17:00 20.05.22,13926.1,13946.4,13983.4,13919.4,21361.0
18:00 20.05.22,13886.4,13926.1,13934.4,13858.1,18755.0
19:00 20.05.22,13916.6,13885.4,13924.4,13841.4,18073.0
20:00 20.05.22,13924.4,13917.4,13951.4,13872.4,16882.0
21:00 20.05.22,14025.4,13925.4,14035.4,13897.4,17956.0
02:00 23.05.22,14133.4,14127.2,14145.4,14100.4,2372.0
03:00 23.05.22,14114.4,14137.4,14152.4,14111.4,3592.0
04:00 23.05.22,14094.4,14113.4,14119.4,14074.4,3576.0
05:00 23.05.22,14102.4,14096.4,14112.4,14082.4,2869.0
06:00 23.05.22,14109.4,14103.4,14133.4,14102.4,2063.0
07:00 23.05.22,14158.9,14110.4,14179.9,14103.9,4299.0
08:00 23.05.22,14192.4,14157.9,14217.4,14146.4,10726.0
09:00 23.05.22,14150.4,14192.4,14212.4,14121.1,18265.0
10:00 23.05.22,14057.1,14150.1,14177.4,14049.4,16292.0
11:00 23.05.22,14034.4,14057.1,14081.6,14013.1,14190.0
12:00 23.05.22,14103.4,14035.4,14104.6,14028.4,12364.0
13:00 23.05.22,14088.4,14104.6,14104.6,14058.1,11455.0
14:00 23.05.22,14069.4,14090.1,14108.6,14066.4,11363.0
15:00 23.05.22,14079.1,14070.4,14124.1,14046.6,16988.0
16:00 23.05.22,14101.1,14080.4,14127.1,14040.1,21008.0
17:00 23.05.22,14169.4,14101.4,14190.1,14096.4,20315.0
18:00 23.05.22,14146.1,14170.4,14186.4,14130.1,15299.0
19:00 23.05.22,14151.4,14145.4,14154.4,14110.1,14443.0
20:00 23.05.22,14137.4,14152.4,14168.0,14136.0,14369.0
21:00 23.05.22,14159.4,14138.0,14163.4,14123.0,15466.0
02:00 24.05.22,14096.4,14096.4,14128.4,14092.4,2155.0
03:00 24.05.22,14107.4,14096.4,14125.4,14074.4,3836.0
04:00 24.05.22,14092.4,14107.4,14110.4,14078.4,2664.0
05:00 24.05.22,14100.4,14092.4,14102.4,14079.4,1966.0
06:00 24.05.22,14076.4,14100.4,14102.4,14072.4,1838.0
07:00 24.05.22,14036.4,14075.4,14088.9,14029.9,4369.0
08:00 24.05.22,14006.4,14035.4,14055.4,13988.1,9164.0
09:00 24.05.22,14027.4,14009.6,14059.6,13973.4,19235.0
10:00 24.05.22,14003.4,14025.4,14066.1,13997.4,13414.0
11:00 24.05.22,14050.4,14003.4,14061.1,13985.1,11285.0
12:00 24.05.22,14050.4,14050.1,14061.1,14034.1,10020.0
13:00 24.05.22,14038.1,14050.4,14095.4,14032.1,11937.0
14:00 24.05.22,14051.4,14038.4,14066.1,14031.4,10173.0
15:00 24.05.22,14009.6,14052.4,14054.1,14002.1,16001.0
16:00 24.05.22,13930.4,14009.4,14010.1,13906.4,21841.0
17:00 24.05.22,13943.4,13930.4,13963.1,13897.4,20525.0
18:00 24.05.22,13955.4,13943.1,13990.4,13929.4,16239.0
19:00 24.05.22,13968.4,13954.4,13983.4,13924.4,15598.0
20:00 24.05.22,13954.0,13969.4,14007.0,13940.4,16504.0
21:00 24.05.22,14003.4,13953.0,14035.4,13949.4,16914.0
02:00 25.05.22,14017.4,14017.7,14025.4,13983.2,2047.0
03:00 25.05.22,14026.4,14017.4,14040.4,14016.4,3426.0
04:00 25.05.22,14028.4,14027.4,14043.4,14015.4,2789.0
05:00 25.05.22,14062.4,14029.4,14069.4,14028.4,2467.0
06:00 25.05.22,14041.4,14063.4,14064.4,14037.4,1767.0
07:00 25.05.22,14027.9,14041.4,14052.9,14021.9,2975.0
08:00 25.05.22,14033.4,14027.9,14039.4,13991.4,8225.0
09:00 25.05.22,13972.6,14033.4,14033.4,13947.4,17887.0
10:00 25.05.22,13932.4,13971.4,13973.4,13910.4,13750.0
11:00 25.05.22,13947.1,13932.4,13948.1,13886.4,12694.0
12:00 25.05.22,13906.1,13945.6,13970.6,13905.4,11150.0
13:00 25.05.22,13892.4,13906.4,13927.4,13858.1,13744.0
14:00 25.05.22,13930.1,13893.6,13932.1,13885.1,11583.0
15:00 25.05.22,13980.1,13928.4,13994.1,13921.1,16602.0
16:00 25.05.22,14032.1,13980.1,14044.4,13969.4,20814.0
17:00 25.05.22,14017.1,14031.6,14034.4,13987.6,19107.0
18:00 25.05.22,14007.4,14017.4,14029.1,13975.1,14886.0
19:00 25.05.22,14013.4,14008.1,14020.4,13983.4,12841.0
20:00 25.05.22,14063.4,14013.4,14073.4,13976.0,18769.0
21:00 25.05.22,14044.4,14064.0,14095.0,14031.0,16223.0
02:00 26.05.22,14086.4,14078.4,14093.4,14053.4,2958.0
03:00 26.05.22,14013.4,14086.4,14091.4,14011.4,4109.0
04:00 26.05.22,14027.4,14012.4,14045.4,14005.4,3187.0
05:00 26.05.22,14039.4,14026.4,14043.4,13996.4,3564.0
06:00 26.05.22,14000.4,14041.4,14041.4,13996.4,1918.0
07:00 26.05.22,13988.9,13999.4,14015.9,13980.9,3705.0
08:00 26.05.22,14017.4,13987.9,14025.1,13976.1,5833.0
09:00 26.05.22,14085.4,14017.4,14087.6,14016.1,13837.0
10:00 26.05.22,14053.1,14085.1,14089.1,14037.1,11934.0
11:00 26.05.22,14081.4,14053.1,14092.1,14042.1,10162.0
12:00 26.05.22,14053.4,14081.4,14095.1,14039.1,10282.0
13:00 26.05.22,14116.1,14054.4,14141.1,14053.1,13409.0
14:00 26.05.22,14123.6,14115.1,14128.1,14079.9,11045.0
15:00 26.05.22,14180.6,14123.4,14195.1,14089.1,17322.0
16:00 26.05.22,14204.6,14182.6,14216.1,14174.4,18684.0
17:00 26.05.22,14237.1,14204.1,14251.1,14204.1,18447.0
18:00 26.05.22,14273.1,14237.4,14274.1,14235.1,12607.0
19:00 26.05.22,14262.1,14272.4,14285.1,14251.1,12164.0
20:00 26.05.22,14257.4,14261.4,14268.0,14243.0,11698.0
21:00 26.05.22,14258.4,14257.0,14280.0,14231.4,14223.0
02:00 27.05.22,14236.4,14244.4,14262.4,14213.4,2475.0
03:00 27.05.22,14253.4,14237.4,14263.4,14236.4,3510.0
04:00 27.05.22,14241.4,14253.4,14268.4,14241.4,2604.0
05:00 27.05.22,14251.4,14242.4,14267.4,14241.4,1680.0
06:00 27.05.22,14261.4,14252.4,14274.4,14250.4,1214.0
07:00 27.05.22,14240.9,14261.4,14264.9,14229.9,2729.0
08:00 27.05.22,14279.1,14240.9,14286.1,14223.4,7013.0
09:00 27.05.22,14267.4,14279.1,14303.4,14237.4,16312.0
10:00 27.05.22,14316.1,14267.1,14334.1,14255.1,13834.0
11:00 27.05.22,14332.1,14315.6,14338.4,14289.1,10942.0
12:00 27.05.22,14344.1,14332.6,14346.1,14314.6,9499.0
13:00 27.05.22,14308.1,14344.1,14347.1,14303.4,9982.0
14:00 27.05.22,14366.1,14308.1,14372.1,14305.4,12242.0
15:00 27.05.22,14414.1,14365.4,14421.4,14364.1,16874.0
16:00 27.05.22,14402.4,14413.4,14432.6,14398.6,17884.0
17:00 27.05.22,14487.1,14403.1,14487.1,14400.1,18042.0
18:00 27.05.22,14465.4,14487.1,14493.1,14458.1,12279.0
19:00 27.05.22,14457.1,14465.1,14475.1,14446.1,9777.0
20:00 27.05.22,14460.0,14456.4,14466.5,14450.4,9301.0
21:00 27.05.22,14486.4,14460.0,14491.4,14456.4,11674.0
02:00 30.05.22,14506.4,14505.7,14522.2,14478.4,2008.0
03:00 30.05.22,14504.4,14505.4,14521.4,14491.4,3077.0
04:00 30.05.22,14521.4,14505.4,14532.4,14502.4,2846.0
05:00 30.05.22,14514.4,14521.4,14528.4,14506.4,2257.0
06:00 30.05.22,14533.4,14514.4,14535.4,14510.4,1778.0
07:00 30.05.22,14549.9,14533.4,14551.9,14526.9,3828.0
08:00 30.05.22,14559.1,14551.9,14599.4,14542.4,8474.0
09:00 30.05.22,14563.1,14558.4,14576.1,14528.1,14849.0
10:00 30.05.22,14543.4,14562.4,14582.1,14543.1,10530.0
11:00 30.05.22,14569.4,14543.4,14574.4,14531.4,10607.0
12:00 30.05.22,14554.6,14570.1,14580.1,14537.4,10402.0
13:00 30.05.22,14564.1,14554.1,14574.4,14548.4,8867.0
14:00 30.05.22,14528.1,14564.1,14564.4,14510.1,11534.0
15:00 30.05.22,14533.1,14527.4,14539.1,14501.6,12463.0
16:00 30.05.22,14564.4,14533.4,14573.1,14522.4,12368.0
17:00 30.05.22,14561.4,14565.1,14578.4,14544.4,12148.0
18:00 30.05.22,14560.4,14561.1,14570.6,14552.1,5864.0
19:00 30.05.22,14565.4,14561.1,14567.1,14557.4,1197.0
20:00 30.05.22,14571.0,14565.4,14573.0,14561.4,771.0
21:00 30.05.22,14575.4,14570.0,14581.0,14562.0,2324.0
02:00 31.05.22,14533.4,14563.2,14576.4,14514.4,3298.0
03:00 31.05.22,14536.4,14534.4,14558.4,14507.4,3496.0
04:00 31.05.22,14562.4,14535.4,14568.4,14531.2,3081.0
05:00 31.05.22,14541.4,14563.4,14566.4,14526.4,2781.0
06:00 31.05.22,14535.4,14540.4,14548.4,14529.4,1605.0
07:00 31.05.22,14507.9,14536.4,14546.9,14506.9,3409.0
08:00 31.05.22,14495.4,14508.9,14517.1,14477.4,9629.0
09:00 31.05.22,14473.4,14492.6,14510.4,14453.1,18327.0
10:00 31.05.22,14523.4,14474.1,14539.1,14474.1,14840.0
11:00 31.05.22,14462.1,14523.1,14523.1,14432.4,16129.0
12:00 31.05.22,14476.4,14463.1,14490.4,14445.4,12062.0
13:00 31.05.22,14451.4,14477.6,14495.1,14439.6,11104.0
14:00 31.05.22,14387.1,14452.1,14452.1,14386.1,15485.0
15:00 31.05.22,14369.4,14387.1,14421.1,14351.4,19210.0
16:00 31.05.22,14397.1,14369.4,14414.1,14349.6,20488.0
17:00 31.05.22,14444.4,14396.4,14448.1,14349.6,20357.0
18:00 31.05.22,14450.4,14444.4,14464.4,14420.1,15865.0
19:00 31.05.22,14469.1,14450.1,14471.1,14421.1,15502.0
20:00 31.05.22,14408.0,14468.1,14469.4,14390.0,15879.0
21:00 31.05.22,14403.9,14408.4,14450.4,14389.4,15968.0
02:00 01.06.22,14467.4,14484.7,14493.4,14463.4,1923.0
03:00 01.06.22,14479.4,14468.4,14490.4,14461.4,2971.0
04:00 01.06.22,14455.4,14479.4,14483.4,14453.4,2653.0
05:00 01.06.22,14461.4,14454.4,14470.4,14446.4,2032.0
06:00 01.06.22,14471.4,14462.4,14473.4,14437.4,2159.0
07:00 01.06.22,14436.9,14472.4,14483.9,14424.9,4334.0
08:00 01.06.22,14457.4,14436.9,14457.4,14414.4,8236.0
09:00 01.06.22,14427.4,14458.1,14492.4,14420.4,17237.0
10:00 01.06.22,14405.4,14427.1,14433.6,14375.1,13239.0
11:00 01.06.22,14418.4,14405.4,14445.1,14403.9,10238.0
12:00 01.06.22,14406.4,14419.1,14424.1,14395.1,9620.0
13:00 01.06.22,14429.1,14406.4,14429.4,14406.1,9612.0
14:00 01.06.22,14447.4,14429.1,14465.1,14426.1,11649.0
15:00 01.06.22,14453.4,14448.1,14479.6,14442.4,16535.0
16:00 01.06.22,14391.4,14454.4,14465.1,14359.1,22443.0
17:00 01.06.22,14320.1,14391.1,14391.1,14304.4,21961.0
18:00 01.06.22,14345.1,14320.4,14350.1,14307.4,16312.0
19:00 01.06.22,14380.1,14344.4,14394.1,14340.1,16117.0
20:00 01.06.22,14395.4,14380.4,14420.4,14377.0,15645.0
21:00 01.06.22,14355.4,14396.0,14414.5,14350.4,15834.0
02:00 02.06.22,14366.4,14349.7,14376.4,14333.4,2611.0
03:00 02.06.22,14355.4,14368.4,14373.4,14352.4,3546.0
04:00 02.06.22,14337.4,14354.4,14367.4,14337.4,2969.0
05:00 02.06.22,14337.4,14338.4,14348.4,14327.4,2137.0
06:00 02.06.22,14345.4,14338.4,14348.4,14332.4,1389.0
07:00 02.06.22,14345.9,14346.4,14352.9,14319.9,3258.0
08:00 02.06.22,14388.4,14344.9,14389.4,14343.9,5950.0
09:00 02.06.22,14415.4,14388.1,14439.6,14375.4,16564.0
10:00 02.06.22,14429.4,14416.4,14460.1,14404.1,13050.0
11:00 02.06.22,14438.1,14428.4,14457.1,14414.6,10259.0
12:00 02.06.22,14452.1,14438.6,14456.4,14409.4,9568.0
13:00 02.06.22,14459.1,14452.1,14464.1,14435.1,7903.0
14:00 02.06.22,14449.4,14459.1,14469.4,14440.4,11792.0
15:00 02.06.22,14420.4,14450.1,14455.1,14401.4,18324.0
16:00 02.06.22,14431.4,14418.4,14453.1,14392.1,20379.0
17:00 02.06.22,14508.1,14431.1,14528.1,14428.4,19634.0
18:00 02.06.22,14537.1,14508.4,14542.4,14504.1,13910.0
19:00 02.06.22,14550.1,14537.1,14551.1,14528.1,13269.0
20:00 02.06.22,14551.4,14549.4,14573.4,14545.4,11781.0
21:00 02.06.22,14596.4,14552.0,14601.0,14548.0,13541.0
02:00 03.06.22,14597.4,14603.7,14636.4,14591.4,2844.0
03:00 03.06.22,14614.4,14597.4,14619.4,14595.4,2659.0
04:00 03.06.22,14612.4,14614.4,14617.4,14604.4,1424.0
05:00 03.06.22,14595.4,14612.4,14614.4,14595.4,1396.0
06:00 03.06.22,14599.4,14595.4,14615.4,14595.4,1374.0
07:00 03.06.22,14609.9,14599.4,14615.9,14597.9,1996.0
08:00 03.06.22,14587.1,14609.9,14611.9,14585.4,5533.0
09:00 03.06.22,14510.1,14587.4,14594.1,14510.1,16440.0
10:00 03.06.22,14538.4,14509.4,14540.1,14502.1,11781.0
11:00 03.06.22,14535.6,14538.4,14544.1,14516.1,10170.0
12:00 03.06.22,14520.4,14536.4,14540.4,14509.1,9835.0
13:00 03.06.22,14478.1,14520.1,14525.1,14473.1,11182.0
14:00 03.06.22,14484.9,14477.4,14522.9,14469.9,13475.0
15:00 03.06.22,14471.7,14485.4,14497.4,14447.9,17258.0
16:00 03.06.22,14461.9,14472.2,14490.9,14449.9,19490.0
17:00 03.06.22,14463.9,14462.4,14465.9,14434.9,18969.0
18:00 03.06.22,14502.1,14462.9,14502.1,14459.9,15489.0
19:00 03.06.22,14466.1,14501.4,14515.6,14463.4,15055.0
20:00 03.06.22,14484.0,14465.4,14492.0,14459.0,12600.0
21:00 03.06.22,14482.0,14484.4,14487.4,14456.0,14185.0
02:00 06.06.22,14496.4,14503.2,14510.4,14482.4,2090.0
03:00 06.06.22,14505.4,14495.4,14508.4,14479.4,4342.0
04:00 06.06.22,14522.4,14505.4,14529.4,14500.4,3000.0
05:00 06.06.22,14537.4,14523.4,14542.4,14516.4,2062.0
06:00 06.06.22,14552.4,14536.4,14554.4,14532.4,1828.0
07:00 06.06.22,14542.9,14552.4,14556.9,14534.9,2750.0
08:00 06.06.22,14588.4,14541.9,14589.1,14535.4,6403.0
09:00 06.06.22,14577.4,14588.1,14607.1,14543.4,15491.0
10:00 06.06.22,14611.1,14578.1,14616.1,14573.1,12182.0
11:00 06.06.22,14591.4,14611.4,14613.1,14578.1,9557.0
12:00 06.06.22,14602.1,14591.1,14607.1,14587.4,8142.0
13:00 06.06.22,14613.1,14602.1,14613.1,14585.1,7554.0
14:00 06.06.22,14650.1,14613.4,14664.1,14607.4,12487.0
15:00 06.06.22,14673.1,14650.1,14673.1,14641.1,16576.0
16:00 06.06.22,14700.1,14672.4,14704.1,14669.4,19772.0
17:00 06.06.22,14647.4,14701.1,14707.4,14634.1,20714.0
18:00 06.06.22,14625.1,14647.1,14650.1,14590.4,16833.0
19:00 06.06.22,14642.1,14625.1,14642.4,14606.4,14859.0
20:00 06.06.22,14610.0,14643.1,14643.6,14594.0,14598.0
21:00 06.06.22,14612.9,14610.5,14630.4,14591.0,12800.0
02:00 07.06.22,14569.4,14585.4,14591.4,14554.4,2366.0
03:00 07.06.22,14549.4,14568.4,14580.4,14517.4,5629.0
04:00 07.06.22,14540.4,14549.4,14554.4,14533.4,3496.0
05:00 07.06.22,14545.4,14541.4,14563.4,14537.4,3208.0
06:00 07.06.22,14537.4,14547.4,14550.4,14527.4,2943.0
07:00 07.06.22,14520.9,14538.4,14544.9,14510.9,4731.0
08:00 07.06.22,14542.4,14521.9,14560.1,14518.9,7054.0
09:00 07.06.22,14547.4,14543.4,14583.4,14522.4,16981.0
10:00 07.06.22,14534.4,14547.4,14563.1,14525.4,10869.0
11:00 07.06.22,14516.1,14534.1,14538.1,14506.8,10965.0
12:00 07.06.22,14485.1,14515.4,14529.1,14480.1,11379.0
13:00 07.06.22,14489.8,14485.4,14510.6,14455.4,14034.0
14:00 07.06.22,14467.4,14490.4,14499.1,14466.4,11372.0
15:00 07.06.22,14466.1,14468.1,14505.1,14452.1,17614.0
16:00 07.06.22,14551.1,14466.4,14575.1,14464.1,20353.0
17:00 07.06.22,14551.4,14550.4,14564.1,14538.1,18549.0
18:00 07.06.22,14565.4,14552.1,14568.1,14529.4,14018.0
19:00 07.06.22,14568.4,14566.1,14576.6,14561.4,11745.0
20:00 07.06.22,14573.4,14568.1,14593.0,14563.0,11917.0
21:00 07.06.22,14602.0,14574.0,14603.5,14570.5,12272.0
02:00 08.06.22,14606.4,14579.4,14611.4,14564.4,2465.0
03:00 08.06.22,14618.4,14607.4,14625.4,14602.4,3949.0
04:00 08.06.22,14604.4,14619.4,14627.4,14603.4,2720.0
05:00 08.06.22,14593.4,14603.4,14607.4,14580.4,3373.0
06:00 08.06.22,14580.4,14592.4,14602.4,14578.4,2153.0
07:00 08.06.22,14613.9,14579.4,14614.9,14578.9,4134.0
08:00 08.06.22,14600.4,14612.9,14614.4,14587.4,6242.0
09:00 08.06.22,14509.4,14601.1,14601.1,14499.1,19200.0
10:00 08.06.22,14524.4,14509.1,14531.4,14483.1,13816.0
11:00 08.06.22,14494.1,14524.4,14528.1,14487.1,12119.0
12:00 08.06.22,14483.1,14493.4,14494.1,14462.1,12118.0
13:00 08.06.22,14463.4,14483.4,14496.1,14460.1,10623.0
14:00 08.06.22,14432.1,14464.1,14471.1,14426.4,12661.0
15:00 08.06.22,14443.1,14432.4,14452.1,14390.1,19597.0
16:00 08.06.22,14411.1,14443.6,14446.1,14372.1,20427.0
17:00 08.06.22,14445.1,14411.4,14457.1,14405.4,17999.0
18:00 08.06.22,14407.1,14444.6,14452.1,14373.1,14385.0
19:00 08.06.22,14376.4,14406.4,14407.1,14358.4,13726.0
20:00 08.06.22,14372.4,14377.1,14385.4,14349.5,12997.0
21:00 08.06.22,14372.4,14373.4,14397.5,14358.0,13224.0
02:00 09.06.22,14350.4,14377.4,14385.4,14349.4,2248.0
03:00 09.06.22,14348.4,14350.4,14367.4,14340.4,3964.0
04:00 09.06.22,14361.4,14348.4,14364.4,14344.4,2522.0
05:00 09.06.22,14361.4,14362.4,14369.4,14349.4,1591.0
06:00 09.06.22,14356.4,14362.4,14365.4,14353.4,1140.0
07:00 09.06.22,14329.9,14356.4,14369.9,14328.9,3593.0
08:00 09.06.22,14358.4,14328.9,14359.1,14323.4,6825.0
09:00 09.06.22,14335.4,14358.4,14374.1,14283.6,16962.0
10:00 09.06.22,14382.4,14333.1,14383.1,14299.1,12938.0
11:00 09.06.22,14343.1,14381.4,14389.1,14330.1,11204.0
12:00 09.06.22,14349.4,14342.4,14382.1,14332.4,10759.0
13:00 09.06.22,14312.4,14348.6,14420.2,14303.4,12627.0
14:00 09.06.22,14206.4,14312.4,14316.4,14188.4,18586.0
15:00 09.06.22,14264.1,14205.4,14266.6,14187.1,20494.0
16:00 09.06.22,14223.1,14264.4,14265.4,14192.4,19274.0
17:00 09.06.22,14211.1,14222.6,14236.1,14182.6,18808.0
18:00 09.06.22,14222.4,14212.1,14226.1,14188.1,14021.0
19:00 09.06.22,14208.4,14223.1,14230.1,14185.4,11831.0
20:00 09.06.22,14164.4,14209.1,14209.1,14163.4,12342.0
21:00 09.06.22,14084.9,14164.4,14166.0,14084.4,16257.0
02:00 10.06.22,14075.4,14088.2,14098.4,14068.4,2440.0
03:00 10.06.22,14069.4,14074.4,14083.4,14060.4,3601.0
04:00 10.06.22,14080.4,14069.4,14086.4,14064.4,2453.0
05:00 10.06.22,14089.4,14081.4,14105.4,14081.4,2160.0
06:00 10.06.22,14067.4,14088.4,14090.4,14056.4,1521.0
07:00 10.06.22,14074.9,14067.4,14089.9,14062.5,3614.0
08:00 10.06.22,14101.4,14074.9,14129.1,14074.9,8696.0
09:00 10.06.22,13976.4,14102.1,14118.4,13976.4,21059.0
10:00 10.06.22,13956.4,13977.1,14021.4,13949.1,15485.0
11:00 10.06.22,13987.4,13955.4,14004.6,13954.4,13067.0
12:00 10.06.22,13985.1,13989.1,13998.4,13966.4,10905.0
13:00 10.06.22,14021.1,13985.4,14035.1,13980.4,11212.0
14:00 10.06.22,13898.4,14021.4,14042.4,13897.1,17308.0
15:00 10.06.22,13842.4,13897.4,13943.4,13828.1,20504.0
16:00 10.06.22,13779.6,13841.4,13841.4,13743.4,22189.0
17:00 10.06.22,13771.1,13780.4,13791.1,13738.1,19040.0
18:00 10.06.22,13783.4,13772.1,13804.4,13755.4,13583.0
19:00 10.06.22,13798.4,13783.4,13821.6,13771.4,12420.0
20:00 10.06.22,13836.0,13799.1,13843.0,13788.0,12170.0
21:00 10.06.22,13781.0,13837.0,13848.0,13781.0,14795.0
02:00 13.06.22,13557.4,13609.4,13657.4,13555.4,2944.0
03:00 13.06.22,13528.4,13557.4,13559.4,13497.4,5677.0
04:00 13.06.22,13551.4,13529.4,13557.4,13521.4,3933.0
05:00 13.06.22,13556.4,13552.4,13560.4,13538.4,2661.0
06:00 13.06.22,13532.4,13558.4,13577.4,13523.4,2933.0
07:00 13.06.22,13531.9,13533.4,13559.9,13525.9,4845.0
08:00 13.06.22,13554.4,13532.4,13570.4,13478.1,12155.0
09:00 13.06.22,13557.4,13550.1,13647.1,13528.4,20732.0
10:00 13.06.22,13438.4,13557.4,13558.1,13433.1,18575.0
11:00 13.06.22,13450.4,13437.4,13492.4,13431.4,15234.0
12:00 13.06.22,13473.4,13450.1,13493.1,13441.4,12516.0
13:00 13.06.22,13444.1,13473.4,13520.6,13437.4,13257.0
14:00 13.06.22,13458.4,13444.1,13511.1,13443.4,14470.0
15:00 13.06.22,13455.4,13458.4,13509.4,13437.4,16837.0
16:00 13.06.22,13390.1,13455.4,13473.4,13375.4,20698.0
17:00 13.06.22,13461.4,13388.4,13484.1,13377.4,20918.0
18:00 13.06.22,13473.4,13461.1,13555.4,13451.1,17991.0
19:00 13.06.22,13520.4,13474.4,13530.4,13456.1,14336.0
20:00 13.06.22,13474.4,13520.4,13520.4,13460.4,14509.0
21:00 13.06.22,13448.4,13473.4,13514.0,13414.4,16401.0
02:00 14.06.22,13489.4,13487.2,13508.4,13445.4,2680.0
03:00 14.06.22,13434.4,13490.4,13491.4,13429.4,4523.0
04:00 14.06.22,13469.4,13433.4,13472.4,13431.4,3530.0
05:00 14.06.22,13484.4,13469.4,13498.4,13468.4,2794.0
06:00 14.06.22,13526.4,13485.4,13542.4,13485.4,3665.0
07:00 14.06.22,13560.9,13526.4,13577.9,13522.9,5100.0
08:00 14.06.22,13547.1,13563.5,13604.4,13539.4,9903.0
09:00 14.06.22,13497.4,13546.6,13570.1,13443.4,19552.0
10:00 14.06.22,13421.6,13496.4,13507.4,13412.4,14040.0
11:00 14.06.22,13356.4,13419.4,13431.1,13351.1,15284.0
12:00 14.06.22,13325.4,13357.1,13357.6,13290.1,13946.0
13:00 14.06.22,13323.4,13325.4,13359.1,13295.4,12211.0
14:00 14.06.22,13426.4,13324.1,13439.1,13319.4,15080.0
15:00 14.06.22,13455.1,13426.4,13456.4,13363.1,18738.0
16:00 14.06.22,13345.4,13454.4,13466.1,13310.1,20742.0
17:00 14.06.22,13290.1,13345.1,13367.1,13278.1,20463.0
18:00 14.06.22,13278.6,13290.1,13291.1,13237.4,16285.0
19:00 14.06.22,13252.4,13277.4,13334.4,13222.4,14749.0
20:00 14.06.22,13250.4,13252.4,13284.4,13240.4,13191.0
21:00 14.06.22,13317.0,13249.0,13325.5,13218.0,15295.0
02:00 15.06.22,13318.4,13352.4,13373.4,13312.4,1814.0
03:00 15.06.22,13341.4,13318.4,13366.4,13308.4,2357.0
04:00 15.06.22,13365.4,13343.4,13367.4,13338.4,2111.0
05:00 15.06.22,13362.4,13365.4,13395.4,13362.4,1591.0
06:00 15.06.22,13339.4,13363.4,13371.4,13335.4,1397.0
07:00 15.06.22,13390.9,13339.4,13411.9,13300.9,3651.0
08:00 15.06.22,13447.4,13390.9,13478.4,13381.9,10371.0
09:00 15.06.22,13399.4,13451.1,13489.1,13351.4,18122.0
10:00 15.06.22,13474.4,13399.4,13508.4,13390.1,14757.0
11:00 15.06.22,13466.4,13475.1,13502.6,13417.6,12180.0
12:00 15.06.22,13443.4,13467.1,13467.1,13423.1,10318.0
13:00 15.06.22,13492.1,13443.4,13493.4,13425.1,11557.0
14:00 15.06.22,13508.1,13490.4,13508.4,13421.1,13655.0
15:00 15.06.22,13537.4,13508.4,13554.6,13472.4,16425.0
16:00 15.06.22,13532.4,13537.4,13568.4,13514.1,18378.0
17:00 15.06.22,13496.1,13532.4,13544.1,13473.1,15678.0
18:00 15.06.22,13462.4,13496.4,13528.4,13462.4,13024.0
19:00 15.06.22,13513.4,13463.1,13520.4,13457.1,11081.0
20:00 15.06.22,13510.4,13513.4,13598.4,13398.2,18893.0
21:00 15.06.22,13551.0,13511.4,13619.4,13507.4,15307.0
02:00 16.06.22,13645.4,13633.2,13660.4,13628.4,1390.0
03:00 16.06.22,13598.7,13644.4,13674.4,13585.4,2569.0
04:00 16.06.22,13600.4,13598.2,13610.4,13574.4,2186.0
05:00 16.06.22,13574.4,13598.4,13615.4,13572.4,1954.0
06:00 16.06.22,13551.4,13576.4,13582.4,13551.4,1814.0
07:00 16.06.22,13504.9,13551.4,13553.9,13494.0,3686.0
08:00 16.06.22,13447.4,13503.9,13540.4,13417.4,8492.0
09:00 16.06.22,13222.4,13449.4,13449.4,13183.4,20265.0
10:00 16.06.22,13155.4,13221.4,13278.1,13154.4,15015.0
11:00 16.06.22,13124.4,13155.1,13155.1,13082.4,15461.0
12:00 16.06.22,13077.4,13123.4,13151.1,13070.1,11366.0
13:00 16.06.22,13087.4,13077.4,13145.4,13060.9,13999.0
14:00 16.06.22,13113.4,13087.1,13160.1,13083.4,13678.0
15:00 16.06.22,13064.4,13114.4,13128.1,13050.4,16604.0
16:00 16.06.22,13022.1,13064.4,13079.1,13005.4,18141.0
17:00 16.06.22,13034.1,13022.1,13082.1,12995.1,16943.0
18:00 16.06.22,13043.4,13033.1,13057.4,12986.1,14683.0
19:00 16.06.22,13006.4,13044.6,13078.4,13004.4,11940.0
20:00 16.06.22,12955.4,13006.4,13015.0,12945.4,9882.0
21:00 16.06.22,12976.9,12956.4,13008.0,12953.4,11411.0
02:00 17.06.22,13003.4,13009.7,13043.4,12974.4,2594.0
03:00 17.06.22,13061.4,13002.4,13070.4,12997.4,3119.0
04:00 17.06.22,13043.4,13061.4,13085.4,13035.4,3541.0
05:00 17.06.22,13066.4,13044.4,13090.4,13035.4,3502.0
06:00 17.06.22,13131.4,13067.4,13143.4,13063.4,3566.0
07:00 17.06.22,13121.9,13133.4,13167.9,13121.9,4074.0
08:00 17.06.22,13065.4,13120.5,13136.4,13044.4,9956.0
09:00 17.06.22,13094.4,13065.4,13110.6,12995.1,18709.0
10:00 17.06.22,13148.4,13095.4,13181.1,13081.4,14422.0
11:00 17.06.22,13189.4,13147.4,13202.4,13107.1,14134.0
12:00 17.06.22,13152.4,13186.4,13192.4,13133.4,10828.0
13:00 17.06.22,13166.4,13153.6,13213.6,13143.4,11581.0
14:00 17.06.22,13111.4,13166.4,13195.1,13108.1,10850.0
15:00 17.06.22,13135.4,13110.4,13157.6,13058.1,18426.0
16:00 17.06.22,13067.4,13135.4,13139.4,13027.4,20291.0
17:00 17.06.22,13061.4,13065.4,13124.1,13036.4,19902.0
18:00 17.06.22,13111.4,13062.1,13125.4,13051.4,16370.0
19:00 17.06.22,13140.1,13110.4,13182.1,13105.4,15788.0
20:00 17.06.22,13145.4,13140.4,13182.0,13138.4,14079.0
21:00 17.06.22,13120.4,13147.0,13165.4,13102.0,14718.0
02:00 20.06.22,13121.2,13142.4,13160.4,13113.4,1429.0
03:00 20.06.22,13036.4,13121.2,13128.4,13033.4,3228.0
04:00 20.06.22,13084.4,13037.4,13093.4,13033.4,2720.0
05:00 20.06.22,13112.4,13086.4,13123.4,13071.4,2789.0
06:00 20.06.22,13077.4,13113.4,13114.4,13075.4,1186.0
07:00 20.06.22,13099.9,13077.4,13109.5,13064.9,2538.0
08:00 20.06.22,13188.6,13100.9,13196.1,13100.9,5800.0
09:00 20.06.22,13147.4,13191.4,13194.6,13081.1,15826.0
10:00 20.06.22,13159.4,13147.4,13186.6,13134.1,11118.0
11:00 20.06.22,13142.4,13158.4,13160.4,13112.1,10080.0
12:00 20.06.22,13139.4,13142.4,13173.4,13138.4,8278.0
13:00 20.06.22,13172.4,13139.4,13178.1,13134.1,7338.0
14:00 20.06.22,13163.4,13172.1,13177.6,13158.1,7755.0
15:00 20.06.22,13189.1,13163.4,13194.6,13160.4,10992.0
16:00 20.06.22,13204.4,13188.4,13218.1,13181.1,10227.0
17:00 20.06.22,13261.4,13204.4,13269.1,13202.4,12179.0
18:00 20.06.22,13238.4,13262.1,13265.1,13230.1,6433.0
19:00 20.06.22,13254.4,13237.4,13255.1,13229.4,1404.0
20:00 20.06.22,13235.4,13254.4,13254.4,13235.4,1066.0
21:00 20.06.22,13242.4,13235.4,13250.4,13234.4,1260.0
02:00 21.06.22,13256.4,13236.7,13266.4,13219.1,1634.0
03:00 21.06.22,13256.4,13256.4,13260.4,13229.4,1647.0
04:00 21.06.22,13271.4,13256.4,13278.4,13256.4,1429.0
05:00 21.06.22,13302.4,13271.4,13314.4,13271.4,1560.0
06:00 21.06.22,13309.4,13302.4,13316.4,13292.4,1099.0
07:00 21.06.22,13319.9,13310.4,13320.9,13282.9,2223.0
08:00 21.06.22,13303.4,13319.5,13337.6,13271.4,7059.0
09:00 21.06.22,13379.4,13311.4,13401.6,13293.4,17760.0
10:00 21.06.22,13399.4,13379.1,13415.4,13372.4,12239.0
11:00 21.06.22,13363.1,13400.1,13419.4,13359.1,10378.0
12:00 21.06.22,13368.1,13363.1,13386.4,13350.1,10302.0
13:00 21.06.22,13301.4,13367.6,13370.4,13288.4,10106.0
14:00 21.06.22,13272.1,13300.4,13308.1,13268.1,10078.0
15:00 21.06.22,13296.4,13271.4,13298.6,13246.4,16027.0
16:00 21.06.22,13286.4,13296.1,13304.4,13263.4,15790.0
17:00 21.06.22,13266.4,13286.4,13294.1,13247.4,7410.0
