DateTime,Close,Open,High,Low,Volume
00:00 28.02.22,1910.05,1918.46,1929.69,1904.08,52586
01:00 28.02.22,1917.44,1910.05,1919.15,1907.12,36769
02:00 28.02.22,1913.22,1917.42,1917.49,1905.93,42430
03:00 28.02.22,1909.35,1913.22,1913.43,1908.37,27393
04:00 28.02.22,1907.31,1909.33,1910.5,1904.36,27020
05:00 28.02.22,1911.07,1907.27,1911.47,1906.02,21855
06:00 28.02.22,1908.02,1911.05,1911.8,1906.01,24105
07:00 28.02.22,1908.5,1908,1909.95,1906.71,24088
08:00 28.02.22,1896.33,1908.45,1908.67,1893.21,41675
09:00 28.02.22,1900.37,1896.26,1901.93,1894.72,33079
10:00 28.02.22,1899.48,1900.37,1901.97,1898.39,21033
11:00 28.02.22,1906.38,1899.56,1908.96,1898.8,27584
12:00 28.02.22,1905.52,1906.38,1908.78,1903.93,25496
13:00 28.02.22,1913.18,1905.56,1913.95,1904.25,29187
14:00 28.02.22,1917.11,1913.32,1918.17,1908.15,56534
15:00 28.02.22,1910.39,1917.15,1917.29,1907.98,72450
16:00 28.02.22,1908.16,1910.36,1916.81,1905.33,65966
17:00 28.02.22,1892.71,1908.15,1908.3,1890.96,64200
18:00 28.02.22,1899.09,1892.75,1899.14,1890.82,48808
19:00 28.02.22,1898.69,1899.13,1900.28,1896.95,34049
20:00 28.02.22,1906.34,1898.69,1906.41,1897.93,37214
21:00 28.02.22,1909.86,1906.37,1910.02,1904.51,45499
22:00 28.02.22,1908.63,1909.96,1910.82,1906.66,22713
00:00 01.03.22,1906.22,1906.52,1908.7,1905.46,9376
01:00 01.03.22,1905.31,1906.21,1907.76,1905,14261
02:00 01.03.22,1902.9,1905.32,1905.77,1902.61,22472
03:00 01.03.22,1903.35,1902.88,1903.92,1901.32,16435
04:00 01.03.22,1905.56,1903.32,1905.58,1902.7,14139
05:00 01.03.22,1905.47,1905.56,1906.55,1904.5,10712
06:00 01.03.22,1906.98,1905.47,1907.57,1904.55,14801
07:00 01.03.22,1907.69,1906.96,1908.68,1904.55,18409
08:00 01.03.22,1907.63,1907.67,1908.4,1906.17,20833
09:00 01.03.22,1912.43,1907.57,1914.02,1907.08,31151
10:00 01.03.22,1916.18,1912.43,1918.49,1911.87,33485
11:00 01.03.22,1925.13,1916.18,1925.18,1915.34,44232
12:00 01.03.22,1920.24,1925.13,1926.28,1919.91,52168
13:00 01.03.22,1916.16,1920.22,1923.65,1910.99,52600
14:00 01.03.22,1916.71,1916.16,1921.86,1912.27,76896
15:00 01.03.22,1923.91,1916.7,1926.87,1915.99,74325
16:00 01.03.22,1926.44,1923.98,1929.6,1917.85,77228
17:00 01.03.22,1931.3,1926.44,1934.8,1923.19,66789
18:00 01.03.22,1934.68,1931.3,1935.27,1929.62,60565
19:00 01.03.22,1941.97,1934.67,1942.68,1934.28,63401
20:00 01.03.22,1940.25,1941.97,1942.04,1936.47,52000
21:00 01.03.22,1945.34,1940.23,1946.25,1939.08,50484
22:00 01.03.22,1944.96,1945.4,1950.11,1940.02,28443
00:00 02.03.22,1942.19,1943.95,1945.21,1941.78,14427
01:00 02.03.22,1935.03,1942.21,1943.71,1934.71,31037
02:00 02.03.22,1935.53,1935.03,1936.03,1930.93,40583
03:00 02.03.22,1938.05,1935.56,1940.54,1934.29,34660
04:00 02.03.22,1935.61,1938.03,1938.15,1933.41,22621
05:00 02.03.22,1936.25,1935.65,1937.75,1935.13,15607
06:00 02.03.22,1934.67,1936.23,1938.07,1933.23,25563
07:00 02.03.22,1937.79,1934.6,1940.09,1931.56,40312
08:00 02.03.22,1944.7,1937.76,1947.79,1935.46,46099
09:00 02.03.22,1939.29,1944.65,1944.65,1933.72,45079
10:00 02.03.22,1932.88,1939.25,1940.11,1931.23,34097
11:00 02.03.22,1926.46,1932.84,1935.42,1913.7,44135
12:00 02.03.22,1929.2,1926.45,1931.19,1925.25,32161
13:00 02.03.22,1926,1929.2,1929.92,1923.23,26483
14:00 02.03.22,1931.85,1926.08,1934.43,1922.61,55689
15:00 02.03.22,1929.4,1931.8,1934.79,1922.11,58003
16:00 02.03.22,1926.83,1929.41,1935.43,1922.93,60217
17:00 02.03.22,1918.83,1926.86,1927.91,1916.24,60036
18:00 02.03.22,1918.53,1918.73,1921.82,1914.79,42075
19:00 02.03.22,1920.41,1918.53,1921.67,1917.25,25095
20:00 02.03.22,1927.67,1920.41,1928.46,1920.06,28083
21:00 02.03.22,1925.08,1927.81,1933.14,1924.63,37276
22:00 02.03.22,1928.34,1925.06,1928.59,1924.7,12731
00:00 03.03.22,1928.76,1928.74,1930.29,1928.27,10337
01:00 03.03.22,1929.15,1928.75,1930.53,1928,16022
02:00 03.03.22,1930.53,1929.14,1930.63,1926.08,29538
03:00 03.03.22,1928.58,1930.52,1930.71,1927.64,21780
04:00 03.03.22,1927.41,1928.59,1930.52,1926.69,18493
05:00 03.03.22,1924.46,1927.38,1927.4,1923.8,15283
06:00 03.03.22,1925.1,1924.45,1926.39,1921.95,22689
07:00 03.03.22,1927.5,1925.11,1929.45,1924.99,25400
08:00 03.03.22,1932.02,1927.5,1932.22,1925.01,33079
09:00 03.03.22,1931.77,1932.06,1934.97,1928.33,36959
10:00 03.03.22,1929.05,1931.83,1931.87,1923.5,35876
11:00 03.03.22,1933.77,1929.05,1935.39,1929.03,30680
12:00 03.03.22,1932.34,1933.78,1938.68,1932.23,32091
13:00 03.03.22,1930.46,1932.34,1935.89,1929.57,35782
14:00 03.03.22,1926.08,1930.45,1937.13,1924.31,65338
15:00 03.03.22,1926.64,1926.03,1931.99,1924.42,66817
16:00 03.03.22,1926.16,1926.81,1930.44,1925.4,64817
17:00 03.03.22,1930.35,1926.18,1930.74,1923.22,61827
18:00 03.03.22,1931.76,1930.34,1932.41,1927.37,50687
19:00 03.03.22,1933.91,1931.77,1935.04,1931.13,42213
20:00 03.03.22,1935.07,1933.94,1935.57,1932.16,31472
21:00 03.03.22,1936.81,1935.05,1941.07,1934.75,42627
22:00 03.03.22,1935.51,1936.73,1938.27,1935.39,15472
00:00 04.03.22,1934.77,1935.46,1937.09,1934.74,7853
01:00 04.03.22,1947.22,1934.79,1950.72,1934.71,51299
02:00 04.03.22,1933.81,1947.26,1947.35,1929.54,55867
03:00 04.03.22,1939.11,1933.74,1939.98,1933.47,36130
04:00 04.03.22,1939.44,1939.12,1941.2,1937.89,26287
05:00 04.03.22,1938.93,1939.5,1940.48,1938.04,15030
06:00 04.03.22,1935.46,1938.93,1940.15,1934.56,21032
07:00 04.03.22,1935.83,1935.49,1937.78,1933.92,24637
08:00 04.03.22,1935.96,1935.81,1939.05,1935.28,27755
09:00 04.03.22,1938.57,1936.03,1940.07,1933.9,32840
10:00 04.03.22,1945.65,1938.57,1946.08,1938.13,35187
11:00 04.03.22,1947.11,1945.69,1947.82,1942.36,32010
12:00 04.03.22,1946.27,1947.1,1948.88,1944.23,29189
13:00 04.03.22,1945.6,1946.26,1949.83,1943.81,36798
14:00 04.03.22,1946.78,1945.6,1948.13,1939.82,65008
15:00 04.03.22,1951.74,1946.8,1959.23,1945.42,71307
16:00 04.03.22,1957.86,1952.21,1958.99,1942.42,65786
17:00 04.03.22,1962.6,1957.86,1965.6,1956.61,52260
18:00 04.03.22,1961.98,1962.63,1965.33,1960,38651
19:00 04.03.22,1965.04,1961.98,1966.42,1960.68,33966
20:00 04.03.22,1966.9,1965,1969.81,1964.43,35549
21:00 04.03.22,1967.27,1966.99,1970.3,1965.13,43608
00:00 07.03.22,1988.58,1974.03,1991.17,1973.83,51104
01:00 07.03.22,1988.09,1988.63,1990.31,1986.93,43234
02:00 07.03.22,1997.76,1988.3,2000.97,1987.98,69475
03:00 07.03.22,1986.96,1997.79,1998.14,1986.78,53227
04:00 07.03.22,1989.99,1986.99,1990.48,1984.8,35543
05:00 07.03.22,1989.56,1990,1991.4,1987.27,18276
06:00 07.03.22,1983.61,1989.54,1989.83,1983.05,29804
07:00 07.03.22,1983.11,1983.62,1985.06,1975.94,43451
08:00 07.03.22,1992.87,1983.12,1993.2,1979.21,46592
09:00 07.03.22,1996.5,1992.96,1998.48,1989.1,52201
10:00 07.03.22,1997.91,1996.46,2001.42,1993.46,43034
11:00 07.03.22,2002.25,1997.91,2002.45,1995.64,36252
12:00 07.03.22,1990.18,2002.31,2002.31,1985.68,48531
13:00 07.03.22,1984.02,1990.18,1990.18,1981.69,62572
14:00 07.03.22,1979.07,1984.07,1987.76,1960.98,90695
15:00 07.03.22,1984.19,1979.08,1985.51,1967.69,81810
16:00 07.03.22,1980.85,1984.35,1991.38,1976.92,78791
17:00 07.03.22,1979.38,1980.85,1983.16,1974.76,55739
18:00 07.03.22,1984.08,1979.53,1985.97,1978.42,51481
19:00 07.03.22,1992.23,1984.08,1996.18,1983.48,65568
20:00 07.03.22,1995.81,1992.23,1997.19,1990.86,46802
21:00 07.03.22,1996.62,1995.76,1998.88,1992.06,55031
22:00 07.03.22,1997.55,1996.6,1999.68,1995.72,25373
00:00 08.03.22,1998.64,1995.77,1999.27,1995.73,15344
01:00 08.03.22,1991.89,1998.65,1999.91,1990.63,24428
02:00 08.03.22,1984.85,1991.95,1992.51,1980.99,42599
03:00 08.03.22,1989.1,1984.87,1989.94,1984.52,26304
04:00 08.03.22,1985.92,1989.08,1990.08,1984.57,17899
05:00 08.03.22,1991.08,1985.93,1991.27,1985.5,13544
06:00 08.03.22,1993.97,1991.09,1994.22,1989.17,25404
07:00 08.03.22,2016.71,1993.97,2020.7,1993.22,56289
08:00 08.03.22,2016.12,2016.84,2020.9,2012.85,46133
09:00 08.03.22,2008.64,2015.91,2019.97,1999.08,62838
10:00 08.03.22,2006.21,2008.64,2011.62,2005.98,35442
11:00 08.03.22,2005.77,2006.2,2009.48,2002.69,32226
12:00 08.03.22,2009.16,2005.77,2010.83,2004.33,35760
13:00 08.03.22,2007.21,2009.07,2015.52,2006.1,50714
14:00 08.03.22,2015.04,2007.25,2020.1,2003.54,89667
15:00 08.03.22,2039.56,2015.06,2041.29,2013.8,101255
16:00 08.03.22,2047.07,2039.56,2069.75,2039.47,130489
17:00 08.03.22,2069.3,2047.16,2070.27,2044.13,98438
18:00 08.03.22,2029.78,2069.33,2069.83,2021.08,122823
19:00 08.03.22,2044.23,2029.81,2052.95,2022.11,97982
20:00 08.03.22,2039.25,2044.15,2047.37,2028.75,68616
21:00 08.03.22,2050.84,2039.3,2053.06,2032.27,53538
22:00 08.03.22,2050,2051.36,2053.99,2049.24,20152
00:00 09.03.22,2043.67,2049.53,2051.54,2042.71,17578
01:00 09.03.22,2038.58,2043.66,2046.54,2035.03,23944
02:00 09.03.22,2041.76,2038.59,2045.58,2036.1,43489
03:00 09.03.22,2052.57,2041.76,2055.15,2040.33,41689
04:00 09.03.22,2056.79,2052.56,2057.43,2050.29,32366
05:00 09.03.22,2051.58,2056.8,2059.06,2051.16,23477
06:00 09.03.22,2047.98,2051.58,2057.17,2044.76,34837
07:00 09.03.22,2048.99,2047.98,2052.34,2047.43,35753
08:00 09.03.22,2045.72,2049.01,2050.01,2038.21,40568
09:00 09.03.22,2042.09,2045.18,2049.14,2041.98,38562
10:00 09.03.22,2017.76,2042.12,2042.26,2014.72,58471
11:00 09.03.22,2014.75,2017.73,2019.1,2004.09,54941
12:00 09.03.22,2011.54,2014.63,2016.39,2007.76,37107
13:00 09.03.22,2009.25,2011.54,2021.32,2009.22,37431
14:00 09.03.22,1989.65,2009.25,2009.42,1984.98,68812
15:00 09.03.22,1986.52,1989.72,1997.57,1975.91,72827
16:00 09.03.22,1995.97,1986.52,1997.53,1985.67,56874
17:00 09.03.22,2001.27,1995.99,2005.47,1991.78,54431
18:00 09.03.22,1985.41,2001.32,2003.16,1983.52,58396
19:00 09.03.22,1983.48,1985.45,1988.78,1980.5,56844
20:00 09.03.22,1989.42,1983.44,1990.41,1979.6,38147
21:00 09.03.22,1990.96,1989.4,1995.48,1986.81,31590
22:00 09.03.22,1991.42,1991.21,1998.91,1989.69,16134
00:00 10.03.22,1989.81,1988.46,1993.53,1987.75,17933
01:00 10.03.22,1983.55,1989.81,1989.97,1981.82,19218
02:00 10.03.22,1974.61,1983.57,1983.88,1970.72,46598
03:00 10.03.22,1974.67,1974.59,1976.54,1970.81,26867
04:00 10.03.22,1976.32,1974.68,1979.01,1972.82,21254
05:00 10.03.22,1977.71,1976.32,1979.53,1975.44,17257
06:00 10.03.22,1980.76,1977.72,1984.09,1977.2,25151
07:00 10.03.22,1983.1,1980.76,1988.86,1980.39,31515
08:00 10.03.22,1975.27,1983.1,1983.17,1974.27,31019
09:00 10.03.22,1983.76,1975.28,1987.99,1974.75,34294
10:00 10.03.22,1985.77,1983.75,1987.22,1976.6,37411
11:00 10.03.22,1999.49,1985.94,1999.99,1983.61,41679
12:00 10.03.22,2005.15,1999.47,2007.87,1998.77,36065
13:00 10.03.22,2002.83,2005.16,2009,1998.95,43162
14:00 10.03.22,1996.36,2002.8,2008.81,1991.54,61076
15:00 10.03.22,1997.02,1996.36,2006.78,1995.29,65516
16:00 10.03.22,1995.03,1996.87,1999.72,1981.47,80512
17:00 10.03.22,1994.87,1995.16,1999.43,1990.26,52378
18:00 10.03.22,2003.78,1994.85,2005.74,1994.82,54682
19:00 10.03.22,1997.66,2003.69,2005.85,1993.21,56611
20:00 10.03.22,1996.05,1997.7,1998.08,1993.94,36791
21:00 10.03.22,1997.45,1996.05,2003.22,1996.05,38261
22:00 10.03.22,1996.33,1997.54,1998.73,1995,8354
00:00 11.03.22,1995.15,1992.71,1998.85,1992.36,12576
01:00 11.03.22,1992.26,1995.19,1997.05,1991.31,12408
02:00 11.03.22,1992.33,1992.26,1995.2,1988.07,25366
03:00 11.03.22,1994.59,1992.33,1996.35,1991.74,13016
04:00 11.03.22,1990.78,1994.65,1995.13,1990.43,13754
05:00 11.03.22,1987.85,1990.75,1991.62,1985.82,14073
06:00 11.03.22,1983.49,1987.84,1988.73,1980.84,26020
07:00 11.03.22,1986.07,1983.43,1987.63,1982.8,19425
08:00 11.03.22,1991.41,1985.99,1992.44,1981.37,23239
09:00 11.03.22,1992.68,1991.4,1994.77,1987.9,19583
10:00 11.03.22,1989.45,1992.6,1994.18,1988.53,16118
11:00 11.03.22,1991.41,1989.45,1993.96,1988.88,14239
12:00 11.03.22,1979.47,1991.43,1991.86,1969.4,41941
13:00 11.03.22,1974.93,1979.38,1979.61,1961.75,46901
14:00 11.03.22,1961.8,1974.97,1977.25,1958.5,51362
15:00 11.03.22,1974.92,1961.87,1977.03,1959.46,58500
16:00 11.03.22,1980.64,1975.11,1981.8,1970.18,49976
17:00 11.03.22,1985.64,1980.64,1988.78,1978.2,46653
18:00 11.03.22,1986.66,1985.65,1989.88,1984.49,39097
19:00 11.03.22,1985.77,1986.64,1987.5,1980.3,35748
20:00 11.03.22,1985.33,1985.77,1987.87,1983.27,25136
21:00 11.03.22,1982.54,1985.34,1987.74,1981.9,27697
23:00 13.03.22,1980.11,1984.1,1989.65,1970.74,18883
00:00 14.03.22,1974.1,1980.26,1980.88,1972.15,12282
01:00 14.03.22,1976.94,1974.07,1978.7,1970,17731
02:00 14.03.22,1974.14,1976.92,1977.35,1971.42,23259
03:00 14.03.22,1972.48,1974.06,1975.62,1971.36,13665
04:00 14.03.22,1975.47,1972.5,1976.42,1971.51,13178
05:00 14.03.22,1977.38,1975.47,1977.47,1973.86,8671
06:00 14.03.22,1973.35,1977.35,1977.97,1971.16,16302
07:00 14.03.22,1976.76,1973.22,1978.42,1972.09,18212
08:00 14.03.22,1972.71,1976.53,1977.53,1972.65,18939
09:00 14.03.22,1967.37,1972.69,1973.28,1966.73,25636
10:00 14.03.22,1963.5,1967.37,1967.51,1959.6,29387
11:00 14.03.22,1961.42,1963.5,1966.44,1959.92,26789
12:00 14.03.22,1965.25,1961.46,1966.98,1954.4,33894
13:00 14.03.22,1964.25,1965.22,1967.81,1960.16,41109
14:00 14.03.22,1958.73,1964.26,1965.21,1949.56,59990
15:00 14.03.22,1955.91,1958.73,1961.02,1953.4,50008
16:00 14.03.22,1954.83,1955.83,1958.7,1952.27,35756
17:00 14.03.22,1960.96,1954.87,1961.23,1954.15,34988
18:00 14.03.22,1957.78,1960.96,1961.84,1956.55,34364
19:00 14.03.22,1950.92,1957.8,1958.31,1950.62,29890
20:00 14.03.22,1952.46,1950.92,1955.88,1950.51,29599
21:00 14.03.22,1950.47,1952.57,1954.04,1950.12,12871
23:00 14.03.22,1953.34,1950.78,1954.02,1950.78,5550
00:00 15.03.22,1952.07,1953.3,1954.48,1951.09,7768
01:00 15.03.22,1948.18,1952.09,1952.13,1945.46,18700
02:00 15.03.22,1941.04,1948.18,1950.45,1939.46,32763
03:00 15.03.22,1943.02,1941.06,1945.44,1940.92,19092
04:00 15.03.22,1942.1,1943.04,1943.64,1940.45,13223
05:00 15.03.22,1935.99,1942.08,1942.25,1935.96,16242
06:00 15.03.22,1925.93,1936.06,1936.27,1925.74,30166
07:00 15.03.22,1928.1,1926,1931.96,1924.8,27744
08:00 15.03.22,1929.1,1928.1,1935.38,1927.2,25920
09:00 15.03.22,1934.69,1929.25,1935.13,1926.3,26634
10:00 15.03.22,1931.57,1934.69,1934.79,1926.82,25374
11:00 15.03.22,1921.72,1931.56,1933.35,1921.68,22514
12:00 15.03.22,1926.31,1921.68,1926.78,1920.5,29483
13:00 15.03.22,1920.82,1926.34,1928.61,1919.14,44841
14:00 15.03.22,1922.8,1920.77,1925.46,1913.59,65127
15:00 15.03.22,1916.05,1922.86,1923.13,1906.92,60684
16:00 15.03.22,1925.07,1916.05,1927.01,1912.92,45745
17:00 15.03.22,1929.1,1925.08,1930.87,1920.86,44986
18:00 15.03.22,1924.24,1929.13,1929.76,1924.14,37516
19:00 15.03.22,1920.92,1924.23,1927.64,1919.54,30834
20:00 15.03.22,1916.53,1920.91,1921.86,1916.14,29173
21:00 15.03.22,1917.64,1916.73,1918.04,1913.72,11937
23:00 15.03.22,1915.96,1918,1920.44,1914.94,7214
00:00 16.03.22,1917.86,1915.96,1918.39,1915.88,4974
01:00 16.03.22,1920.92,1917.85,1922.52,1917.03,12932
02:00 16.03.22,1920.12,1920.9,1924.66,1919.86,23374
03:00 16.03.22,1920.57,1920.1,1923.14,1918.95,16245
04:00 16.03.22,1917.99,1920.42,1920.8,1917.66,10978
05:00 16.03.22,1916.65,1917.99,1918.28,1915.1,11376
06:00 16.03.22,1919.56,1916.65,1920.04,1915.77,13543
07:00 16.03.22,1914.91,1919.44,1919.72,1912.43,17964
08:00 16.03.22,1916.04,1914.88,1918.86,1913.75,18221
09:00 16.03.22,1918.06,1916.03,1920.79,1911.54,25940
10:00 16.03.22,1921.67,1918.06,1923.32,1918.04,17669
11:00 16.03.22,1921.06,1921.67,1923.78,1917.71,21148
12:00 16.03.22,1924.56,1921.06,1926.97,1920.2,20344
13:00 16.03.22,1919.93,1924.56,1925.59,1915.43,37336
14:00 16.03.22,1915.5,1919.9,1921.88,1912.69,41681
15:00 16.03.22,1909.69,1915.5,1919.69,1904.08,66087
16:00 16.03.22,1911.61,1909.69,1915.76,1909.22,32157
17:00 16.03.22,1909.99,1911.62,1912.38,1906.88,27751
18:00 16.03.22,1907.39,1909.99,1911.15,1907.35,28229
19:00 16.03.22,1916.18,1907.31,1918.21,1894.89,72148
20:00 16.03.22,1927.83,1916.18,1929.11,1911.84,54796
21:00 16.03.22,1926.93,1927.84,1929.39,1921.24,17050
23:00 16.03.22,1925.51,1928.36,1928.36,1923.09,7208
00:00 17.03.22,1926.7,1925.53,1927.44,1925.03,7761
01:00 17.03.22,1926.87,1926.83,1927.51,1925.45,13034
02:00 17.03.22,1933.56,1926.85,1933.9,1926.26,24246
03:00 17.03.22,1934.33,1933.54,1935.97,1932.28,15248
04:00 17.03.22,1936.28,1934.33,1938.15,1933.82,16877
05:00 17.03.22,1935.87,1936.24,1937.24,1934.76,11012
06:00 17.03.22,1934.37,1935.87,1935.93,1932.88,14031
07:00 17.03.22,1931.85,1934.37,1934.71,1930.6,18862
08:00 17.03.22,1935.39,1931.8,1935.39,1929.96,19137
09:00 17.03.22,1940.01,1935.4,1942.57,1934.86,24685
10:00 17.03.22,1941.57,1939.99,1943.2,1934.59,23723
11:00 17.03.22,1943.15,1941.62,1946.73,1940.14,24437
12:00 17.03.22,1943.2,1943.15,1946.74,1940.49,24276
13:00 17.03.22,1938.85,1943.18,1944.54,1935.4,43688
14:00 17.03.22,1944.86,1938.85,1946.49,1936.71,49947
15:00 17.03.22,1948.4,1944.92,1949.04,1941.26,52738
16:00 17.03.22,1948.09,1948.4,1949.63,1945.77,47449
17:00 17.03.22,1944.24,1948.09,1948.15,1940.64,38485
18:00 17.03.22,1942.3,1944.26,1945.85,1940.76,33656
19:00 17.03.22,1940.65,1942.27,1942.27,1938.26,26501
20:00 17.03.22,1937.25,1940.64,1941.13,1935.34,28323
21:00 17.03.22,1942.3,1937.23,1942.65,1936.25,12080
23:00 17.03.22,1941.02,1943.57,1943.57,1940.07,5856
00:00 18.03.22,1943.77,1941.02,1943.95,1940.76,7014
01:00 18.03.22,1941.13,1943.77,1945.12,1940.4,12531
02:00 18.03.22,1936.66,1941.06,1942.24,1936.58,19975
03:00 18.03.22,1933.57,1936.66,1939.17,1932.78,21192
04:00 18.03.22,1935.06,1933.66,1935.34,1926.58,19184
05:00 18.03.22,1933.93,1935.06,1935.06,1933.13,9278
06:00 18.03.22,1933.39,1933.96,1935.45,1931.31,13423
07:00 18.03.22,1932.94,1933.39,1934.86,1929.93,14169
08:00 18.03.22,1934.19,1932.83,1936.07,1931.38,17416
09:00 18.03.22,1932.42,1934.18,1936.97,1931.85,20295
10:00 18.03.22,1933.31,1932.46,1934.13,1929.88,18698
11:00 18.03.22,1934.91,1933.31,1935.18,1928.65,18027
12:00 18.03.22,1939.77,1934.91,1940.49,1934.62,23674
13:00 18.03.22,1935.46,1939.79,1940.69,1934.75,38988
14:00 18.03.22,1933.41,1935.46,1936.71,1921.64,65469
15:00 18.03.22,1936.06,1933.34,1938.18,1929.11,43839
16:00 18.03.22,1932.28,1936.15,1936.65,1930.68,33684
17:00 18.03.22,1928.23,1932.28,1932.78,1926.19,32616
18:00 18.03.22,1929.37,1928.24,1931.12,1926.36,27623
19:00 18.03.22,1923.62,1929.38,1929.98,1923.01,21749
20:00 18.03.22,1920.01,1923.66,1924.07,1917.8,39644
21:00 18.03.22,1921.09,1920.15,1921.54,1918.03,10875
23:00 20.03.22,1920.03,1922.6,1926.06,1918.3,12177
00:00 21.03.22,1918.82,1920.01,1921.22,1918.07,7948
01:00 21.03.22,1922.03,1918.96,1923.98,1918.68,12827
02:00 21.03.22,1928.03,1922.06,1928.62,1921.27,24739
03:00 21.03.22,1926.29,1928.07,1928.57,1925.13,15264
04:00 21.03.22,1926.34,1926.27,1927.64,1925.27,9911
05:00 21.03.22,1928.07,1926.34,1928.85,1926.04,8827
06:00 21.03.22,1925.51,1928.07,1928.31,1924.73,12910
07:00 21.03.22,1923.97,1925.47,1925.47,1922.73,16096
08:00 21.03.22,1924.96,1923.95,1925.88,1921.93,17931
09:00 21.03.22,1925.96,1924.98,1927.2,1923.5,17628
10:00 21.03.22,1925.41,1925.97,1927.09,1922.38,20114
11:00 21.03.22,1925.37,1925.34,1928.72,1922.6,21702
12:00 21.03.22,1925.16,1925.35,1927.92,1924.52,19284
13:00 21.03.22,1924.49,1925.18,1926.22,1921.56,35637
14:00 21.03.22,1929.67,1924.57,1930.34,1917.9,50554
15:00 21.03.22,1933.19,1929.68,1937.44,1929.68,45427
16:00 21.03.22,1934.96,1933.21,1935.95,1932.82,30518
17:00 21.03.22,1930.44,1934.96,1937.32,1929.46,39511
18:00 21.03.22,1931.9,1930.42,1932.28,1926.84,34410
19:00 21.03.22,1935.81,1931.91,1940.62,1931.07,24070
20:00 21.03.22,1935.01,1935.83,1940.34,1933.05,34272
21:00 21.03.22,1935.42,1935.13,1936.57,1933.72,11088
23:00 21.03.22,1936.08,1935.38,1936.57,1935,3920
00:00 22.03.22,1935.5,1936.06,1937,1934.49,7217
01:00 22.03.22,1931.18,1935.52,1935.56,1929.27,16051
02:00 22.03.22,1932.8,1931.11,1933.67,1930.11,19983
03:00 22.03.22,1935.63,1932.8,1935.83,1931.83,14118
04:00 22.03.22,1936.65,1935.65,1937.77,1934.59,15894
05:00 22.03.22,1934.62,1936.65,1936.65,1933.5,10685
06:00 22.03.22,1936.69,1934.6,1938.3,1934.46,13774
07:00 22.03.22,1934.59,1936.72,1938.23,1934.49,16105
08:00 22.03.22,1933.39,1934.66,1936.02,1932.2,17488
09:00 22.03.22,1924.56,1933.36,1933.36,1922.75,30796
10:00 22.03.22,1925.12,1924.56,1925.81,1922.71,26711
11:00 22.03.22,1927.26,1925.15,1930.08,1924.74,24574
12:00 22.03.22,1927.51,1927.26,1929.79,1925.19,20432
13:00 22.03.22,1927.78,1927.5,1930.74,1923.9,38673
14:00 22.03.22,1923.26,1927.8,1928.02,1919.58,53899
15:00 22.03.22,1915.15,1923.29,1923.79,1910.62,57244
16:00 22.03.22,1917.78,1915.15,1918.14,1911.01,37401
17:00 22.03.22,1919.93,1917.8,1923.12,1917.5,34781
18:00 22.03.22,1920.29,1919.93,1923.25,1918.22,32701
19:00 22.03.22,1923.04,1920.32,1924.72,1919.98,23750
20:00 22.03.22,1921.54,1922.82,1923.21,1920.44,30770
21:00 22.03.22,1921.03,1921.55,1922.17,1920.47,7014
23:00 22.03.22,1920.66,1920.26,1921.91,1919.77,4099
00:00 23.03.22,1919.59,1920.48,1921.98,1919.33,7562
01:00 23.03.22,1917.85,1919.57,1920.15,1915.38,14177
02:00 23.03.22,1920.15,1917.81,1921.52,1916.94,17601
03:00 23.03.22,1923.12,1920.15,1923.95,1919.72,14779
04:00 23.03.22,1921.83,1923.08,1924.3,1921.5,9805
05:00 23.03.22,1922.21,1921.76,1922.48,1921.19,6308
06:00 23.03.22,1921.47,1922.21,1922.28,1920.1,10332
07:00 23.03.22,1917.55,1921.44,1921.44,1916.82,13439
08:00 23.03.22,1920.51,1917.55,1920.7,1917.34,15278
09:00 23.03.22,1925.67,1920.48,1926.2,1920.29,26075
10:00 23.03.22,1929.38,1925.69,1931.03,1925.63,21976
11:00 23.03.22,1933.13,1929.38,1933.66,1929.38,23955
12:00 23.03.22,1930.54,1933.14,1934.95,1927.73,32540
13:00 23.03.22,1928.82,1930.39,1930.68,1924.94,37608
14:00 23.03.22,1935.07,1928.82,1935.63,1928.11,45793
15:00 23.03.22,1931.78,1935.07,1936.62,1928.25,40373
16:00 23.03.22,1929.32,1931.8,1932.48,1925.79,28698
17:00 23.03.22,1935.28,1929.3,1935.41,1927.68,29643
18:00 23.03.22,1936.58,1935.31,1937.75,1934.73,36951
19:00 23.03.22,1939.37,1936.6,1939.94,1936.54,28954
20:00 23.03.22,1946.57,1939.34,1948.26,1938.2,33193
21:00 23.03.22,1943.27,1946.56,1947.34,1943.23,15118
23:00 23.03.22,1944.97,1942.34,1945.22,1942.23,5005
00:00 24.03.22,1946.01,1944.95,1946.84,1944.95,6764
01:00 24.03.22,1946.48,1946,1948.44,1945.36,13713
02:00 24.03.22,1941.92,1946.51,1948.19,1941.25,21953
03:00 24.03.22,1941.4,1941.93,1943.31,1939.57,16234
04:00 24.03.22,1938.79,1941.39,1942.05,1938.64,9924
05:00 24.03.22,1940.16,1938.77,1940.56,1937.66,10021
06:00 24.03.22,1938.07,1940.19,1940.35,1937.7,13075
07:00 24.03.22,1941.38,1938.08,1943.13,1937.29,17769
08:00 24.03.22,1943.85,1941.37,1943.91,1940.7,16756
09:00 24.03.22,1940.74,1943.84,1945.82,1940.62,22317
10:00 24.03.22,1940.5,1940.69,1941.34,1937.81,20515
11:00 24.03.22,1943.64,1940.5,1947.13,1940.44,26119
12:00 24.03.22,1956.39,1943.67,1956.62,1943.6,30759
13:00 24.03.22,1949.24,1956.76,1957.77,1942.37,48322
14:00 24.03.22,1953.27,1949.16,1957,1946.4,58549
15:00 24.03.22,1965.01,1953.28,1965.68,1950.72,58200
16:00 24.03.22,1962.84,1964.97,1965.47,1958.67,46624
17:00 24.03.22,1962.75,1962.84,1966,1960.52,32938
18:00 24.03.22,1964.89,1962.63,1965.14,1960.78,33819
19:00 24.03.22,1962.05,1964.8,1965.64,1961.37,23782
20:00 24.03.22,1961.5,1961.97,1963.68,1960.62,20367
21:00 24.03.22,1957.52,1961.37,1962.2,1956.09,13481
23:00 24.03.22,1958.21,1956.81,1959.09,1956.58,4339
00:00 25.03.22,1959.1,1958.13,1959.98,1957.62,6441
01:00 25.03.22,1962.6,1959.14,1962.88,1957.67,12733
02:00 25.03.22,1960.32,1962.6,1963.07,1959.37,17765
03:00 25.03.22,1960.95,1960.39,1964.13,1960.12,13645
04:00 25.03.22,1960.73,1960.93,1963.2,1960.34,11387
05:00 25.03.22,1960.03,1960.63,1962.4,1959.41,11960
06:00 25.03.22,1958.58,1960.03,1960.41,1956.6,13450
07:00 25.03.22,1956.12,1958.66,1959.07,1955.32,14963
08:00 25.03.22,1954.65,1956.12,1956.44,1953.09,15886
09:00 25.03.22,1955.54,1954.71,1960.52,1954.71,24914
10:00 25.03.22,1955.93,1955.51,1958.9,1953.98,20688
11:00 25.03.22,1950.35,1955.96,1958.67,1949.84,27387
12:00 25.03.22,1953.07,1950.35,1954.02,1949.78,24382
13:00 25.03.22,1956.17,1953.07,1957.07,1951.12,32764
14:00 25.03.22,1948.62,1956.18,1956.61,1942.95,71814
15:00 25.03.22,1952.74,1948.54,1953.8,1948.08,46344
16:00 25.03.22,1957.05,1952.77,1961.66,1952.01,51309
17:00 25.03.22,1955.93,1957.07,1959.41,1954.74,33978
18:00 25.03.22,1953.39,1955.93,1956.88,1951.61,32047
19:00 25.03.22,1953.09,1953.39,1955.14,1952.39,25176
20:00 25.03.22,1954.33,1953.03,1956.37,1951.67,27573
21:00 25.03.22,1957.51,1954.27,1958.06,1953.77,8144
00:00 28.03.22,1955.46,1957.42,1958.9,1954.41,11541
01:00 28.03.22,1957.04,1955.46,1957.84,1954.77,8672
02:00 28.03.22,1957.53,1957.03,1958.26,1954.73,19301
03:00 28.03.22,1945.92,1957.49,1957.52,1945.75,37455
04:00 28.03.22,1948.12,1945.89,1949.49,1944.8,25995
05:00 28.03.22,1944.51,1948.14,1948.15,1942.17,17444
06:00 28.03.22,1943.13,1944.53,1944.81,1941.62,17024
07:00 28.03.22,1934.88,1943.13,1943.13,1932.89,28794
08:00 28.03.22,1933.47,1934.88,1938.21,1933.21,31454
09:00 28.03.22,1933.16,1933.34,1936.54,1931.49,36342
10:00 28.03.22,1927.29,1933.16,1934.23,1926.92,40923
11:00 28.03.22,1932.2,1927.35,1932.79,1925.23,29751
12:00 28.03.22,1927.68,1932.19,1933.39,1926.83,27135
13:00 28.03.22,1930.07,1927.7,1933.39,1927.03,28264
14:00 28.03.22,1938.27,1930.04,1945.48,1929.54,51417
15:00 28.03.22,1936.36,1938.27,1939.88,1930.03,50460
16:00 28.03.22,1934.65,1936.38,1942.37,1933.46,55364
17:00 28.03.22,1936.57,1934.58,1939.28,1934.18,38929
18:00 28.03.22,1938.33,1936.57,1939.17,1935.48,27381
19:00 28.03.22,1933.62,1938.31,1939.98,1933.5,25683
20:00 28.03.22,1927.41,1933.65,1934.36,1926.02,26231
21:00 28.03.22,1919.12,1927.42,1927.75,1916.81,48080
22:00 28.03.22,1922.39,1919.07,1923.68,1918.92,14091
00:00 29.03.22,1922.64,1922.39,1923.52,1921.36,8329
01:00 29.03.22,1924,1922.62,1924.95,1922.04,13818
02:00 29.03.22,1922.35,1923.99,1924.8,1921.3,28579
03:00 29.03.22,1926.42,1922.34,1929.23,1921.89,31016
04:00 29.03.22,1927.79,1926.45,1928.32,1925.34,20648
05:00 29.03.22,1925.19,1927.78,1928.06,1924.69,20861
06:00 29.03.22,1922.35,1925.16,1925.16,1921.14,21981
07:00 29.03.22,1922.68,1922.39,1924.24,1921.18,24630
08:00 29.03.22,1924.51,1922.74,1924.98,1921.59,25135
09:00 29.03.22,1919.22,1924.49,1924.49,1918.77,29110
10:00 29.03.22,1913.63,1919.16,1920.61,1909.67,32602
11:00 29.03.22,1912.8,1913.63,1915.04,1909.44,38522
12:00 29.03.22,1912.05,1912.8,1916.16,1912.04,27882
13:00 29.03.22,1907.95,1912.03,1914.93,1900.85,41917
14:00 29.03.22,1897.08,1907.95,1909.66,1890.02,66874
15:00 29.03.22,1907.31,1897.07,1908.95,1892.67,66699
16:00 29.03.22,1908.48,1907.32,1914.67,1905.51,62242
17:00 29.03.22,1915.21,1908.46,1915.28,1908.05,33770
18:00 29.03.22,1915.28,1915.17,1917.74,1912.65,31460
19:00 29.03.22,1916.2,1915.3,1917.81,1912.7,30275
20:00 29.03.22,1917.02,1916.28,1918.21,1915.91,26650
21:00 29.03.22,1919.28,1917.06,1921.32,1916.75,23516
22:00 29.03.22,1919.03,1919.33,1919.79,1918.55,9946
00:00 30.03.22,1919.63,1918.66,1921.16,1918.57,6286
01:00 30.03.22,1916.27,1919.64,1920.02,1916.1,9529
02:00 30.03.22,1919.1,1916.28,1919.88,1915.82,19994
03:00 30.03.22,1922.81,1919.12,1922.91,1918.53,23660
04:00 30.03.22,1923.3,1922.84,1925.41,1921.88,19264
05:00 30.03.22,1923.55,1923.34,1925.21,1922.17,19695
06:00 30.03.22,1925.76,1923.54,1927.25,1921.88,19557
07:00 30.03.22,1923.98,1925.72,1926.52,1923.26,14517
08:00 30.03.22,1924.04,1924.07,1928.23,1922.64,24855
09:00 30.03.22,1920.9,1923.93,1926.15,1920.46,35460
10:00 30.03.22,1919.22,1920.77,1923.93,1919.1,30046
11:00 30.03.22,1919.41,1919.14,1920.97,1917.08,27795
12:00 30.03.22,1919.88,1919.41,1921.96,1919.14,25573
13:00 30.03.22,1923.77,1919.92,1925.42,1919.74,22527
14:00 30.03.22,1927.11,1923.81,1932.16,1922.44,45272
15:00 30.03.22,1931.75,1927.12,1934.52,1922.35,57153
16:00 30.03.22,1937.19,1931.88,1938.28,1929.66,53200
17:00 30.03.22,1937,1937.14,1938.43,1933.68,34804
18:00 30.03.22,1932.07,1936.99,1937.11,1931.67,27019
19:00 30.03.22,1931.6,1932.05,1935.22,1930.41,24825
20:00 30.03.22,1932.59,1931.62,1934.12,1930.47,18370
21:00 30.03.22,1934.11,1932.59,1935.81,1931.8,20413
22:00 30.03.22,1932.47,1934.26,1935.81,1932.34,10039
00:00 31.03.22,1932.6,1932.46,1933.77,1932.19,3157
01:00 31.03.22,1933.97,1932.58,1933.97,1931.56,5927
02:00 31.03.22,1931.63,1933.97,1934.08,1928.22,22375
03:00 31.03.22,1926.81,1931.62,1932.04,1926.44,22263
04:00 31.03.22,1924.96,1926.81,1927.79,1924.87,17559
05:00 31.03.22,1925,1924.92,1927.12,1923.81,19282
06:00 31.03.22,1921.23,1924.98,1925.56,1920.14,19012
07:00 31.03.22,1923.57,1921.14,1923.59,1919,21862
08:00 31.03.22,1926.38,1923.39,1927.7,1922.53,27986
09:00 31.03.22,1931.23,1926.32,1933.75,1925.3,33733
10:00 31.03.22,1925.18,1931.26,1932.61,1923.79,27087
11:00 31.03.22,1925.81,1925.1,1926.49,1922.38,22171
12:00 31.03.22,1930.06,1925.79,1930.19,1924.57,20300
13:00 31.03.22,1930.9,1930.07,1931.93,1928.35,23168
14:00 31.03.22,1933.99,1930.83,1935.73,1927.98,37414
15:00 31.03.22,1937.67,1934,1942.29,1932.2,51027
16:00 31.03.22,1939.99,1937.7,1942.52,1937.51,44273
17:00 31.03.22,1944.18,1940.03,1944.93,1939.47,33975
18:00 31.03.22,1944.31,1944.18,1944.62,1938.88,30412
19:00 31.03.22,1945.1,1944.27,1949.75,1944.02,31979
20:00 31.03.22,1941.41,1945.1,1945.33,1941.29,30467
21:00 31.03.22,1936.44,1941.56,1942.51,1934.82,39913
22:00 31.03.22,1936.94,1936.63,1937.78,1936.08,18608
00:00 01.04.22,1935.34,1936.9,1937.61,1934.52,7275
01:00 01.04.22,1936.63,1935.34,1936.83,1934.56,7007
02:00 01.04.22,1934.17,1936.63,1936.72,1932.35,18935
03:00 01.04.22,1937.92,1934.15,1938.45,1933.51,21489
04:00 01.04.22,1933.85,1937.9,1937.98,1933.33,16707
05:00 01.04.22,1938.07,1933.87,1938.55,1933.83,13249
06:00 01.04.22,1937.48,1938.06,1939.39,1936.63,12452
07:00 01.04.22,1936.81,1937.48,1938.58,1935.75,15106
08:00 01.04.22,1932.24,1936.81,1939.03,1931.47,24509
09:00 01.04.22,1930.56,1932.26,1933.01,1929.32,30224
10:00 01.04.22,1932.07,1930.56,1932.75,1929.57,23599
11:00 01.04.22,1934.07,1932.09,1936.28,1932.04,23907
12:00 01.04.22,1927.46,1934.03,1934.55,1927.17,21121
13:00 01.04.22,1928.46,1927.47,1929.81,1924.16,38708
14:00 01.04.22,1927.27,1928.35,1933.86,1925.38,49916
15:00 01.04.22,1931.17,1927.2,1933.51,1922.4,60103
16:00 01.04.22,1925.85,1931.4,1932.55,1918.62,53843
17:00 01.04.22,1925.79,1925.85,1930.42,1922.96,45060
18:00 01.04.22,1922.77,1925.84,1926.84,1922.54,31175
19:00 01.04.22,1921.95,1922.91,1922.97,1917.86,36358
20:00 01.04.22,1925.2,1921.94,1925.94,1921.94,26027
21:00 01.04.22,1922.41,1925.19,1925.48,1920.76,28809
00:00 04.04.22,1922.97,1923.47,1925.69,1921.35,8108
01:00 04.04.22,1924.64,1922.96,1924.73,1922.37,7152
02:00 04.04.22,1925.59,1924.6,1926.74,1923.84,12511
03:00 04.04.22,1922.67,1925.5,1925.5,1922.52,14066
04:00 04.04.22,1919.15,1922.64,1923.12,1918.21,14469
05:00 04.04.22,1918.87,1919.15,1920.33,1918.23,9183
06:00 04.04.22,1917.57,1918.89,1918.96,1915.29,11547
07:00 04.04.22,1920.04,1917.57,1921.15,1917.02,13433
08:00 04.04.22,1927.82,1920.02,1928.76,1917.07,25066
09:00 04.04.22,1929.8,1927.84,1930.9,1927.51,27060
10:00 04.04.22,1931.11,1929.78,1932.93,1928.94,26598
11:00 04.04.22,1925.93,1931.08,1931.61,1925.79,19654
12:00 04.04.22,1928.64,1926.02,1929.05,1925.5,16398
13:00 04.04.22,1929.16,1928.8,1931.02,1928.02,20786
14:00 04.04.22,1931.6,1929.13,1935.8,1928.21,42458
15:00 04.04.22,1925.2,1931.63,1936.68,1925.2,52820
16:00 04.04.22,1934.67,1925.2,1936.2,1924.33,59898
17:00 04.04.22,1933.53,1934.62,1935.48,1930.35,38143
18:00 04.04.22,1931.34,1933.53,1933.91,1930.44,25940
19:00 04.04.22,1929.51,1931.47,1931.63,1928.72,26428
20:00 04.04.22,1931.96,1929.46,1933.29,1928.75,23677
21:00 04.04.22,1932.28,1931.98,1932.86,1929.93,21692
22:00 04.04.22,1932.43,1932.37,1933.12,1931.19,8405
00:00 05.04.22,1933.11,1933.28,1933.77,1932.3,5631
01:00 05.04.22,1931.46,1933.09,1933.48,1930.7,7386
02:00 05.04.22,1931.89,1931.46,1932.95,1931.22,13370
03:00 05.04.22,1930.14,1931.89,1932.47,1929.37,10574
04:00 05.04.22,1928.24,1930.14,1930.51,1927.6,11516
05:00 05.04.22,1928.52,1928.24,1929.44,1927.33,9390
06:00 05.04.22,1928.46,1928.51,1928.99,1926.44,13043
07:00 05.04.22,1930.58,1928.46,1930.76,1927.34,12080
08:00 05.04.22,1932.53,1930.59,1933.45,1930.26,17547
09:00 05.04.22,1927.49,1932.54,1933.07,1926.35,26307
10:00 05.04.22,1931.6,1927.53,1931.93,1925.33,27304
11:00 05.04.22,1929.54,1931.6,1932.33,1927.88,32462
12:00 05.04.22,1928.65,1929.55,1930.49,1925.78,24927
13:00 05.04.22,1927.69,1928.65,1929.61,1926.67,20219
14:00 05.04.22,1935.11,1927.73,1935.2,1923.99,39947
15:00 05.04.22,1942.14,1935.07,1943.41,1932.26,56329
16:00 05.04.22,1930.73,1942.14,1944.43,1927.01,64752
17:00 05.04.22,1920.69,1930.69,1932.84,1918.03,43532
18:00 05.04.22,1923.32,1920.8,1925.32,1917.79,39068
19:00 05.04.22,1922.03,1923.31,1925.55,1921.09,25295
20:00 05.04.22,1923.62,1922.01,1924.37,1920.33,23943
21:00 05.04.22,1920.38,1923.68,1924.53,1919.3,28490
22:00 05.04.22,1923.44,1920.3,1923.67,1919.96,11104
00:00 06.04.22,1922.73,1923.52,1923.8,1921.64,5820
01:00 06.04.22,1920.57,1922.74,1922.92,1920.23,10772
02:00 06.04.22,1919.6,1920.59,1921.48,1917.52,20039
03:00 06.04.22,1922.12,1919.6,1924.8,1916.59,29312
04:00 06.04.22,1923.08,1922.12,1925.14,1921.32,19713
05:00 06.04.22,1923.79,1923.06,1924.56,1922.31,12539
06:00 06.04.22,1921.53,1923.79,1924.03,1920.45,13886
07:00 06.04.22,1920.81,1921.55,1924.24,1920.77,16342
08:00 06.04.22,1919.49,1920.81,1921.11,1917.76,27978
09:00 06.04.22,1921.7,1919.51,1923.47,1915.12,31412
10:00 06.04.22,1926.08,1921.72,1926.32,1921.57,27199
11:00 06.04.22,1929.66,1926.12,1933.35,1925.91,31091
12:00 06.04.22,1922.29,1929.64,1929.87,1921.39,26789
13:00 06.04.22,1921.45,1922.31,1924.05,1918.15,33535
14:00 06.04.22,1926.52,1921.45,1928.4,1919.41,41034
15:00 06.04.22,1930.33,1926.5,1931.82,1923.57,48345
16:00 06.04.22,1925.67,1930.49,1931.81,1923.59,53288
17:00 06.04.22,1927.81,1925.62,1929.39,1925.62,42572
18:00 06.04.22,1924.86,1927.79,1928.44,1923.37,33909
19:00 06.04.22,1920.91,1924.86,1924.86,1919.72,34796
20:00 06.04.22,1924.22,1921.03,1929.41,1915.55,62728
21:00 06.04.22,1924.79,1924.31,1927.03,1922.89,26723
22:00 06.04.22,1925.02,1924.56,1926.48,1924.54,10008
00:00 07.04.22,1923.65,1923.69,1924.85,1923.14,7684
01:00 07.04.22,1923.66,1923.63,1924.02,1922.18,8704
02:00 07.04.22,1925.35,1923.68,1927.22,1922.69,20006
03:00 07.04.22,1922.91,1925.34,1926.1,1922.24,19988
04:00 07.04.22,1924.77,1922.92,1925.21,1921.01,15786
05:00 07.04.22,1922.22,1924.77,1925.6,1921.43,12792
06:00 07.04.22,1921.62,1922.22,1923.39,1920.45,11340
07:00 07.04.22,1922.92,1921.64,1923.8,1920.71,14962
08:00 07.04.22,1924.92,1922.81,1926.21,1922.74,23513
09:00 07.04.22,1925.49,1924.99,1928.04,1924.03,23667
10:00 07.04.22,1926.01,1925.38,1928.3,1924.84,30028
11:00 07.04.22,1927.4,1926.02,1928.67,1925.41,21139
12:00 07.04.22,1926.55,1927.4,1928.16,1925.77,16858
13:00 07.04.22,1930.56,1926.56,1931.54,1923.5,31084
14:00 07.04.22,1927.55,1930.59,1933.99,1924.54,44282
15:00 07.04.22,1931.59,1927.55,1932.07,1926.6,52658
16:00 07.04.22,1936.52,1931.58,1937.61,1929.97,62989
17:00 07.04.22,1933.7,1936.74,1937.63,1929.85,36552
18:00 07.04.22,1934.12,1933.7,1936.15,1932.86,31668
19:00 07.04.22,1934.75,1934.12,1936.79,1933.35,28714
20:00 07.04.22,1933.36,1934.74,1935.59,1932.04,22322
21:00 07.04.22,1932.23,1933.25,1933.4,1929.43,26629
22:00 07.04.22,1931.54,1932.22,1932.64,1929.94,15063
00:00 08.04.22,1931.09,1930.22,1932.12,1930.14,6184
01:00 08.04.22,1932.88,1931.09,1933.62,1930.68,8650
02:00 08.04.22,1932.96,1932.91,1934.97,1932.29,16388
03:00 08.04.22,1932.28,1933.03,1935.39,1932.15,15638
04:00 08.04.22,1930.1,1932.29,1933.1,1929.25,16182
05:00 08.04.22,1930.83,1930.09,1931.01,1928.56,13563
06:00 08.04.22,1928.2,1930.8,1931.1,1927.84,8938
07:00 08.04.22,1931.88,1928.2,1932.27,1927.51,16491
08:00 08.04.22,1930.03,1931.87,1932.8,1928.04,24792
09:00 08.04.22,1931.83,1930,1932.86,1929.26,20829
10:00 08.04.22,1931.44,1931.9,1933.22,1929.85,22334
11:00 08.04.22,1932.1,1931.44,1933.31,1930.99,18876
12:00 08.04.22,1933.76,1932.07,1934.46,1931.87,16002
13:00 08.04.22,1933.48,1933.76,1933.83,1930.15,25443
14:00 08.04.22,1931.2,1933.56,1938.66,1928.99,62917
15:00 08.04.22,1939.42,1931.21,1940.85,1930.74,69338
16:00 08.04.22,1942.96,1939.5,1948.04,1939.44,69071
17:00 08.04.22,1941.59,1942.95,1946.12,1941.13,38837
18:00 08.04.22,1941.38,1941.58,1943.49,1940.28,25213
19:00 08.04.22,1942.2,1941.31,1942.52,1938.9,24168
20:00 08.04.22,1943.92,1942.2,1944.17,1941.88,21463
21:00 08.04.22,1944.01,1943.92,1944.61,1940.99,26090
00:00 11.04.22,1946.88,1945.15,1949.59,1945.15,12880
01:00 11.04.22,1944.57,1946.94,1947.07,1943.18,10510
02:00 11.04.22,1945.23,1944.59,1945.98,1943.84,12566
03:00 11.04.22,1944.26,1945.22,1947.67,1941.8,19687
04:00 11.04.22,1943.54,1944.23,1944.47,1940.2,21252
05:00 11.04.22,1942.77,1943.54,1946.13,1942.28,15340
06:00 11.04.22,1942.05,1942.74,1944.45,1941.33,12093
07:00 11.04.22,1945.16,1942.08,1945.3,1939.9,18023
08:00 11.04.22,1943.06,1945.13,1945.5,1941.3,22902
09:00 11.04.22,1945.78,1943.05,1946.78,1941.49,25816
10:00 11.04.22,1956.93,1945.78,1957.98,1945.18,32717
11:00 11.04.22,1958.02,1956.9,1959.24,1955.56,26604
12:00 11.04.22,1956.42,1958.01,1958.78,1952.85,28621
13:00 11.04.22,1960.51,1956.33,1961.53,1955.55,31851
14:00 11.04.22,1963.2,1960.5,1969.75,1959.3,54006
15:00 11.04.22,1951.18,1963.19,1964.79,1948.89,76140
16:00 11.04.22,1951.39,1951.33,1952.98,1945.66,58895
17:00 11.04.22,1951.29,1951.48,1954.36,1950.75,35626
18:00 11.04.22,1941.28,1951.31,1951.49,1940.73,37594
19:00 11.04.22,1946.77,1941.3,1947.25,1940.73,32338
20:00 11.04.22,1949.56,1946.87,1950.14,1946.59,22747
21:00 11.04.22,1953.59,1949.56,1954.46,1949.34,27281
22:00 11.04.22,1953.24,1953.6,1955.73,1952.91,13535
00:00 12.04.22,1951.84,1953.16,1954.28,1951.43,6472
01:00 12.04.22,1952.65,1951.84,1954.26,1951.84,8092
02:00 12.04.22,1952.3,1952.69,1953.82,1949.74,18955
03:00 12.04.22,1954.93,1952.3,1955.08,1950.12,21079
04:00 12.04.22,1956.63,1954.92,1957.74,1954.78,16891
05:00 12.04.22,1958.97,1956.61,1959.14,1955.84,13264
06:00 12.04.22,1957.76,1958.99,1960.34,1957.76,13375
07:00 12.04.22,1956.51,1957.76,1959.96,1955.63,18489
08:00 12.04.22,1958.31,1956.5,1958.71,1955.91,20417
09:00 12.04.22,1953.23,1958.31,1959.39,1952.77,26924
10:00 12.04.22,1951.45,1953.24,1955.04,1950.79,25366
11:00 12.04.22,1953.07,1951.48,1953.77,1949.65,17864
12:00 12.04.22,1955.18,1953.08,1957.47,1953.08,20096
13:00 12.04.22,1956.48,1955.12,1957.18,1952.39,25828
14:00 12.04.22,1970.33,1956.48,1971.93,1955.08,62078
15:00 12.04.22,1961.39,1970.26,1972.93,1960.46,55066
16:00 12.04.22,1975.61,1961.37,1978.51,1960.69,53083
17:00 12.04.22,1970.48,1975.58,1977.89,1970.3,38554
18:00 12.04.22,1973.95,1970.48,1975.75,1969.6,36449
19:00 12.04.22,1969.3,1973.85,1974.98,1968.98,33685
20:00 12.04.22,1964.83,1969.26,1969.64,1964.61,31200
21:00 12.04.22,1968.75,1964.81,1969.41,1964.65,28047
22:00 12.04.22,1966.53,1968.74,1968.74,1964.55,11883
00:00 13.04.22,1966.73,1966.88,1967.85,1965.6,6449
01:00 13.04.22,1965.78,1966.73,1966.78,1964.94,5862
02:00 13.04.22,1964.07,1965.81,1967.75,1962.62,18445
03:00 13.04.22,1969.17,1964.05,1969.41,1963.47,23263
04:00 13.04.22,1970.71,1969.2,1971.18,1968.2,16841
05:00 13.04.22,1969.82,1970.71,1972.11,1968.93,14557
06:00 13.04.22,1968.26,1969.82,1970.48,1967.64,10449
07:00 13.04.22,1972.01,1968.23,1973.41,1967.56,15195
08:00 13.04.22,1968.59,1972,1972,1966.37,27647
09:00 13.04.22,1971.01,1968.62,1972.7,1965.59,28718
10:00 13.04.22,1973.68,1971.01,1975.59,1969.88,24881
11:00 13.04.22,1977.67,1973.72,1978.92,1973.6,20566
12:00 13.04.22,1976.74,1977.68,1980.11,1976.09,21845
13:00 13.04.22,1977.92,1976.73,1979.46,1974.29,27369
14:00 13.04.22,1977.35,1977.91,1980.58,1971.65,42439
15:00 13.04.22,1977.13,1977.36,1980.49,1973.09,52811
16:00 13.04.22,1978.38,1977.14,1980.27,1974.4,40666
17:00 13.04.22,1980.8,1978.36,1981.25,1975.92,33781
18:00 13.04.22,1978.8,1980.8,1981.4,1977.82,27344
19:00 13.04.22,1978.56,1978.82,1981.43,1977.13,29108
20:00 13.04.22,1975.87,1978.56,1980.04,1975.64,19166
21:00 13.04.22,1978,1975.84,1978.83,1974.68,29688
22:00 13.04.22,1977.56,1978.07,1978.07,1976.27,9944
00:00 14.04.22,1978.15,1977.04,1978.8,1976.82,6149
01:00 14.04.22,1977.02,1978.17,1979.03,1977.02,7500
02:00 14.04.22,1974.91,1977.03,1977.55,1973.43,17543
03:00 14.04.22,1979.63,1974.84,1979.72,1974.3,19887
04:00 14.04.22,1977.55,1979.7,1980.24,1977.34,17361
05:00 14.04.22,1973.58,1977.55,1977.57,1973.47,16838
06:00 14.04.22,1975.47,1973.57,1975.47,1972.47,13352
07:00 14.04.22,1972.34,1975.47,1975.47,1972.15,13397
08:00 14.04.22,1973.39,1972.34,1974.6,1970.34,21016
09:00 14.04.22,1975.41,1973.37,1978.28,1971.39,27595
10:00 14.04.22,1971.22,1975.4,1975.89,1971.22,20566
11:00 14.04.22,1969.06,1971.25,1972.23,1967.52,23827
12:00 14.04.22,1974.06,1969.08,1974.82,1967.11,21343
13:00 14.04.22,1977.15,1974.07,1978.87,1973.94,28977
14:00 14.04.22,1972.46,1977.16,1979.74,1969.7,47973
15:00 14.04.22,1961.83,1972.38,1977.74,1960.1,55218
16:00 14.04.22,1972,1961.73,1972.53,1960.34,48173
17:00 14.04.22,1966.64,1972.02,1972.03,1962.61,38059
18:00 14.04.22,1970.95,1966.63,1972.31,1966.57,32738
19:00 14.04.22,1971.92,1971.05,1975,1969.98,36605
20:00 14.04.22,1970.37,1971.96,1974.66,1970.37,18776
21:00 14.04.22,1971.58,1970.37,1973.6,1970.21,16773
22:00 14.04.22,1973.21,1971.59,1973.46,1971.59,5133
00:00 18.04.22,1971.57,1974.28,1974.28,1971.19,317
03:00 18.04.22,1985.37,1984.08,1985.57,1983.7,2357
04:00 18.04.22,1982.63,1985.39,1985.86,1982.5,17442
05:00 18.04.22,1984.69,1982.63,1985.25,1982.52,14725
06:00 18.04.22,1984.83,1984.75,1985.4,1983.25,11877
07:00 18.04.22,1985.07,1984.83,1988.05,1983.85,23130
08:00 18.04.22,1988.94,1985.07,1990.68,1983.5,26346
09:00 18.04.22,1991.47,1988.94,1992.59,1988.5,20825
10:00 18.04.22,1992.8,1991.45,1993.04,1989.94,18381
11:00 18.04.22,1992.62,1992.8,1993.78,1991.64,15621
12:00 18.04.22,1988.31,1992.64,1993.35,1987.65,18769
13:00 18.04.22,1991.92,1988.26,1992.32,1988.05,24007
14:00 18.04.22,1994.99,1991.85,1998.24,1991.7,45619
15:00 18.04.22,1992.68,1994.99,1996.26,1988.94,53271
16:00 18.04.22,1983.84,1992.73,1994.22,1982.92,58973
17:00 18.04.22,1988.99,1983.82,1989.69,1982.71,43074
18:00 18.04.22,1986.41,1988.99,1990.47,1985.37,33116
19:00 18.04.22,1978.14,1986.39,1987.49,1977.49,37887
20:00 18.04.22,1979.62,1978.07,1980.08,1976.18,31845
21:00 18.04.22,1978.12,1979.64,1982.32,1977.89,27505
22:00 18.04.22,1978.65,1978.14,1978.86,1976.51,15109
00:00 19.04.22,1976.84,1977.08,1978.58,1976.72,6226
01:00 19.04.22,1977.08,1976.85,1977.52,1976.15,9432
02:00 19.04.22,1975.75,1977.16,1978.81,1974.74,20438
03:00 19.04.22,1978.14,1975.77,1978.48,1974.84,24924
04:00 19.04.22,1977.21,1978.14,1978.56,1975.75,20451
05:00 19.04.22,1978.59,1977.17,1978.65,1976.57,14967
06:00 19.04.22,1974.72,1978.6,1978.6,1973.37,16816
07:00 19.04.22,1974.39,1974.73,1975.69,1972.55,20450
08:00 19.04.22,1974.34,1974.37,1976.16,1973.65,22922
09:00 19.04.22,1977.88,1974.34,1980.67,1974.2,29519
10:00 19.04.22,1977.97,1977.87,1981.13,1977.1,24006
11:00 19.04.22,1977.67,1977.98,1979.59,1975.35,24646
12:00 19.04.22,1978.06,1977.67,1978.79,1974.68,23804
13:00 19.04.22,1980,1977.93,1980.2,1977,23218
14:00 19.04.22,1967.13,1979.99,1981.85,1964.49,56233
15:00 19.04.22,1963.61,1967.11,1968.1,1957.06,73443
16:00 19.04.22,1955.29,1963.64,1965.77,1951.18,53209
17:00 19.04.22,1956.32,1955.28,1956.56,1950.22,38180
18:00 19.04.22,1957.35,1956.31,1958.1,1954.46,27327
19:00 19.04.22,1955.14,1957.35,1957.7,1954.2,21704
20:00 19.04.22,1954.06,1955.16,1955.82,1952.66,20220
21:00 19.04.22,1948.02,1954.18,1954.18,1943.59,42480
22:00 19.04.22,1949.79,1948.03,1950.2,1947.18,15364
00:00 20.04.22,1949.79,1949.52,1950.79,1948.78,10955
01:00 20.04.22,1949.66,1949.79,1951.45,1947.82,14129
02:00 20.04.22,1946.84,1949.65,1950.04,1945.97,18465
03:00 20.04.22,1945.11,1946.85,1949.2,1942.68,37428
04:00 20.04.22,1946.59,1945.17,1947.75,1943.78,26516
05:00 20.04.22,1943.98,1946.77,1947.91,1942.5,28235
06:00 20.04.22,1943.23,1943.98,1944.26,1940.54,20845
07:00 20.04.22,1942.09,1943.2,1946.56,1942.05,20231
08:00 20.04.22,1941.45,1942.14,1943.09,1939.1,30886
09:00 20.04.22,1943.77,1941.37,1944.81,1940.95,31877
10:00 20.04.22,1946.58,1943.78,1947.13,1940.08,27863
11:00 20.04.22,1948.78,1946.57,1949.5,1945.79,24951
12:00 20.04.22,1953.05,1948.8,1953.59,1948.49,36280
13:00 20.04.22,1952.07,1952.98,1955.02,1951.85,23610
14:00 20.04.22,1949.82,1952.07,1952.73,1944.55,44278
15:00 20.04.22,1948.93,1949.85,1951.19,1943.81,49669
16:00 20.04.22,1952.33,1949,1954.27,1948.97,45211
17:00 20.04.22,1950.81,1952.42,1954.5,1949.85,32208
18:00 20.04.22,1953.19,1950.81,1953.54,1949.24,25055
19:00 20.04.22,1951.96,1953.06,1954.8,1951.21,32085
20:00 20.04.22,1951.94,1951.98,1953.2,1950.97,21784
21:00 20.04.22,1957.88,1951.86,1957.97,1950.94,25703
22:00 20.04.22,1957.41,1957.72,1958.29,1954.9,12562
00:00 21.04.22,1955.38,1956.54,1957.2,1954.59,10151
01:00 21.04.22,1956.77,1955.4,1957.2,1954.74,8935
02:00 21.04.22,1955.95,1956.73,1957.25,1953.33,18764
03:00 21.04.22,1954.97,1955.9,1956.67,1954.08,22219
04:00 21.04.22,1951.92,1954.95,1955.04,1951.32,18213
05:00 21.04.22,1951.27,1951.93,1952.77,1950.24,15251
06:00 21.04.22,1951.04,1951.28,1952.42,1950.8,11224
07:00 21.04.22,1952.92,1951.02,1953.87,1949.72,19321
08:00 21.04.22,1952.51,1953.03,1953.91,1950.69,23176
09:00 21.04.22,1949.72,1952.41,1952.49,1949.56,24365
10:00 21.04.22,1947.12,1949.67,1949.81,1943.43,28880
11:00 21.04.22,1945.29,1947.1,1947.59,1942.63,25715
12:00 21.04.22,1943.64,1945.28,1946.64,1942.07,24435
13:00 21.04.22,1939.79,1943.62,1944.05,1936.67,34431
14:00 21.04.22,1947.69,1939.79,1949.01,1937.41,40862
15:00 21.04.22,1945.2,1947.68,1949.53,1943.21,53235
16:00 21.04.22,1945.48,1945.2,1946.75,1940.58,51979
17:00 21.04.22,1939.93,1945.48,1946.22,1937.75,44275
18:00 21.04.22,1940.45,1939.93,1941.61,1938.21,33932
19:00 21.04.22,1947.15,1940.44,1948.56,1940.03,39278
20:00 21.04.22,1951.27,1947.16,1953.28,1942.93,33452
21:00 21.04.22,1950.99,1951.28,1953.9,1950.04,28290
22:00 21.04.22,1951.25,1951.04,1952.23,1950.88,9685
00:00 22.04.22,1951.18,1950.18,1951.26,1949.99,5916
01:00 22.04.22,1950.81,1951.19,1952.82,1950.57,9144
02:00 22.04.22,1950.11,1950.85,1952.04,1948.43,21498
03:00 22.04.22,1950.34,1950.09,1953.57,1948.69,28323
04:00 22.04.22,1947.33,1950.36,1951.26,1947.08,22549
05:00 22.04.22,1950.26,1947.29,1951.1,1945.88,21495
06:00 22.04.22,1952.2,1950.27,1952.73,1949.64,17928
07:00 22.04.22,1953.03,1952.19,1953.05,1950.15,20625
08:00 22.04.22,1952.73,1953.02,1955.53,1950.9,27372
09:00 22.04.22,1950.92,1952.86,1954.92,1950.92,29260
10:00 22.04.22,1943.73,1950.92,1951.39,1943.37,34970
11:00 22.04.22,1943.75,1943.74,1943.97,1941.33,24994
12:00 22.04.22,1936.36,1943.75,1944.15,1930.74,38943
13:00 22.04.22,1935.36,1936.41,1937.41,1932.76,25876
14:00 22.04.22,1937,1935.36,1939.49,1929.51,42524
15:00 22.04.22,1943.26,1936.93,1946.3,1931.18,56200
16:00 22.04.22,1935.88,1943.19,1945.27,1933.41,47269
17:00 22.04.22,1938.91,1935.89,1939.2,1926.47,45595
18:00 22.04.22,1936.4,1938.89,1940.75,1934.77,28621
19:00 22.04.22,1933.2,1936.39,1936.66,1932.06,27970
20:00 22.04.22,1932.94,1933.22,1934.99,1931.72,25311
21:00 22.04.22,1932.54,1932.94,1936,1931.6,28644
00:00 25.04.22,1930.16,1929.62,1934.14,1927.99,12430
01:00 25.04.22,1932.52,1930.17,1932.86,1929.61,10041
02:00 25.04.22,1927.78,1932.54,1932.57,1926.17,22352
03:00 25.04.22,1925.42,1927.75,1927.86,1924.88,26695
04:00 25.04.22,1923.98,1925.43,1926.38,1921.91,24952
05:00 25.04.22,1924.02,1923.98,1924.47,1921.73,18199
06:00 25.04.22,1916.3,1924.02,1924.34,1915.92,20620
07:00 25.04.22,1915.12,1916.3,1919.17,1913.1,24085
08:00 25.04.22,1917.7,1915.12,1918.7,1912.19,30359
09:00 25.04.22,1915.42,1917.72,1920.91,1914.64,29803
10:00 25.04.22,1916.51,1915.41,1921.04,1914.2,29047
11:00 25.04.22,1917.16,1916.4,1919.11,1915.56,29521
12:00 25.04.22,1908.79,1917.13,1918.12,1907.62,32568
13:00 25.04.22,1907.49,1908.85,1910.88,1905.02,45780
14:00 25.04.22,1894.65,1907.52,1909.6,1891.39,64612
15:00 25.04.22,1896.67,1894.66,1904.09,1893.5,70825
16:00 25.04.22,1895.04,1896.6,1899.3,1891.8,72745
17:00 25.04.22,1895.7,1895.04,1900.37,1892.6,51114
18:00 25.04.22,1897.62,1895.74,1897.82,1894.42,39173
19:00 25.04.22,1897.13,1897.62,1898.59,1894.55,36125
20:00 25.04.22,1898.59,1897.17,1902.43,1896.36,36488
21:00 25.04.22,1897.86,1898.6,1901.68,1897.5,36082
22:00 25.04.22,1897.21,1897.95,1899.05,1897.08,14747
00:00 26.04.22,1899.41,1897.91,1900.49,1897.54,10851
01:00 26.04.22,1899.3,1899.36,1900.24,1898.47,10430
02:00 26.04.22,1900.91,1899.29,1903.61,1899.11,23563
03:00 26.04.22,1900.15,1900.83,1902.75,1897.3,35707
04:00 26.04.22,1903.39,1900.15,1903.86,1899.74,29169
05:00 26.04.22,1902.19,1903.36,1904.98,1901.47,29994
06:00 26.04.22,1903.87,1902.19,1905.08,1901.51,20275
07:00 26.04.22,1906.72,1903.88,1907.37,1901.39,29458
08:00 26.04.22,1902.18,1906.7,1906.74,1900.73,39344
09:00 26.04.22,1896.65,1902.11,1904.4,1895.61,42017
10:00 26.04.22,1902.38,1896.65,1903.82,1896.03,34515
11:00 26.04.22,1904.39,1902.38,1904.74,1901.4,25985
12:00 26.04.22,1909.32,1904.38,1909.51,1903.25,26041
13:00 26.04.22,1903.39,1909.35,1909.35,1902.07,33826
14:00 26.04.22,1901.72,1903.39,1905.32,1900.32,55800
15:00 26.04.22,1904.19,1901.72,1911.12,1900.92,63707
16:00 26.04.22,1904.72,1904.03,1908.15,1900.61,60660
17:00 26.04.22,1901.65,1904.73,1907.11,1901.38,44193
18:00 26.04.22,1903.13,1901.66,1903.2,1900.1,36641
19:00 26.04.22,1900.55,1903.13,1905.16,1900.1,34537
20:00 26.04.22,1897.82,1900.47,1901.15,1896.4,34256
21:00 26.04.22,1901.02,1897.84,1902.09,1896.98,33382
22:00 26.04.22,1905.1,1901.03,1906.38,1900.83,20615
00:00 27.04.22,1904.5,1905.47,1906.23,1903.38,11474
01:00 27.04.22,1906.49,1904.45,1906.95,1903.64,11355
02:00 27.04.22,1903.77,1906.49,1906.76,1902.94,18081
03:00 27.04.22,1902.08,1903.77,1904.39,1901.22,25954
04:00 27.04.22,1898.88,1902.05,1904.58,1898.38,29992
05:00 27.04.22,1898.99,1898.89,1899.7,1896.93,21947
06:00 27.04.22,1898.05,1899.03,1899.35,1895.88,16909
07:00 27.04.22,1899.23,1897.99,1900.68,1897.64,22708
08:00 27.04.22,1898.41,1899.26,1901.32,1897.04,32096
09:00 27.04.22,1897.61,1898.43,1903.43,1896.67,40131
10:00 27.04.22,1893.27,1897.63,1897.93,1886.5,44836
11:00 27.04.22,1895.15,1893.37,1898.18,1893.25,31211
12:00 27.04.22,1897.6,1895.15,1897.97,1893.97,22455
13:00 27.04.22,1900.34,1897.56,1901.29,1895.86,29048
14:00 27.04.22,1896.4,1900.34,1906.93,1895.79,45756
15:00 27.04.22,1888.07,1896.43,1897.33,1881.57,64719
16:00 27.04.22,1885.37,1888.07,1890.53,1885.01,51964
17:00 27.04.22,1884.86,1885.36,1886.66,1881.19,42962
18:00 27.04.22,1887.51,1884.84,1889.33,1884.75,38795
19:00 27.04.22,1891.08,1887.49,1891.43,1886.57,27118
20:00 27.04.22,1886.58,1891.06,1891.29,1886.23,25588
21:00 27.04.22,1886.37,1886.59,1888,1885.09,29769
22:00 27.04.22,1885.7,1886.17,1886.17,1884.82,13519
00:00 28.04.22,1884.79,1884.09,1886.01,1883.96,4814
01:00 28.04.22,1885.58,1884.77,1886.24,1883.01,7042
02:00 28.04.22,1883.79,1885.57,1886.73,1883.5,9502
03:00 28.04.22,1882.56,1883.77,1884.41,1881.37,19772
04:00 28.04.22,1882.86,1882.57,1884.35,1880.72,16809
05:00 28.04.22,1878.89,1882.82,1882.93,1877.54,27630
06:00 28.04.22,1878.23,1878.89,1879.25,1875.64,17281
07:00 28.04.22,1873.68,1878.24,1878.38,1872,23740
08:00 28.04.22,1882.18,1873.7,1882.51,1873.47,27021
09:00 28.04.22,1884.89,1882.18,1886.72,1881.15,26532
10:00 28.04.22,1886.19,1884.86,1889.84,1879.87,29687
11:00 28.04.22,1889.6,1886.18,1891.66,1885.89,27273
12:00 28.04.22,1888.63,1889.63,1890.09,1885.35,29982
13:00 28.04.22,1886.13,1888.62,1890.61,1885.32,26991
14:00 28.04.22,1885.55,1886.12,1895.09,1881.86,58389
15:00 28.04.22,1890.21,1885.36,1892.88,1883.89,52881
16:00 28.04.22,1886.71,1890.26,1890.77,1883.15,57451
17:00 28.04.22,1885.78,1886.71,1890.49,1885.78,40941
18:00 28.04.22,1888.43,1886.03,1889.99,1884.73,31956
19:00 28.04.22,1888.82,1888.5,1891.55,1887.59,34758
20:00 28.04.22,1892.47,1888.83,1892.58,1888.79,25057
21:00 28.04.22,1895.81,1892.56,1896.64,1892.33,26078
22:00 28.04.22,1894.53,1895.88,1896.19,1893.71,13167
00:00 29.04.22,1892.75,1894.76,1895.21,1892.75,6040
01:00 29.04.22,1895.48,1892.75,1895.6,1892.48,6525
02:00 29.04.22,1897.24,1895.45,1897.9,1894.79,10887
03:00 29.04.22,1902.43,1897.18,1905.79,1896.59,29012
04:00 29.04.22,1900.72,1902.43,1904.46,1898.48,24654
05:00 29.04.22,1904.26,1900.72,1904.27,1900.23,19937
06:00 29.04.22,1905.78,1904.26,1905.88,1903.37,12637
07:00 29.04.22,1906.78,1905.77,1908.22,1905.36,22695
08:00 29.04.22,1911.46,1906.78,1912.77,1906.05,31605
09:00 29.04.22,1917.11,1911.44,1917.79,1910.01,32793
10:00 29.04.22,1913.85,1917.11,1917.24,1912.85,24718
11:00 29.04.22,1914.64,1913.86,1916.83,1913.05,22868
12:00 29.04.22,1914.98,1914.65,1917.74,1914.34,20342
13:00 29.04.22,1919.49,1914.98,1919.81,1914.08,23966
14:00 29.04.22,1910.72,1919.52,1919.72,1907.48,50693
15:00 29.04.22,1910.62,1910.74,1913.41,1902.47,54655
16:00 29.04.22,1911.25,1910.64,1914.56,1907.76,45182
17:00 29.04.22,1909.61,1911.32,1913.27,1904.19,39418
18:00 29.04.22,1908.18,1909.62,1909.62,1906.6,23378
19:00 29.04.22,1909.89,1908.19,1911.5,1907.25,26054
20:00 29.04.22,1908.07,1909.9,1911.43,1907.51,22712
21:00 29.04.22,1896.48,1908.09,1908.09,1894.39,43057
00:00 02.05.22,1897.99,1895.86,1899.67,1895.38,16549
01:00 02.05.22,1897.23,1897.98,1899.86,1896.95,15802
02:00 02.05.22,1890.48,1897.16,1898.4,1888.96,28868
03:00 02.05.22,1890.08,1890.49,1892.53,1889.86,18339
04:00 02.05.22,1887.79,1890.09,1891.64,1884.29,22216
05:00 02.05.22,1888.56,1887.79,1889.34,1886.61,16047
06:00 02.05.22,1885.54,1888.55,1888.55,1883.8,19241
07:00 02.05.22,1885.8,1885.54,1887.1,1882.63,19069
08:00 02.05.22,1887.11,1885.76,1887.61,1883.13,21360
09:00 02.05.22,1884.29,1887.1,1887.3,1883.02,19861
10:00 02.05.22,1879.74,1884.22,1885.43,1879.38,21744
11:00 02.05.22,1880.74,1879.75,1881.22,1876.73,18588
12:00 02.05.22,1882,1880.73,1882.17,1877.16,20411
13:00 02.05.22,1875.99,1882.02,1882.25,1875.76,25388
14:00 02.05.22,1861.52,1875.97,1876.57,1860.47,56846
15:00 02.05.22,1857.87,1861.49,1864.44,1854.54,62610
16:00 02.05.22,1862.77,1858.19,1864.89,1857.8,52409
17:00 02.05.22,1870.08,1862.77,1871.97,1859.76,38361
18:00 02.05.22,1866,1870.09,1870.17,1865.08,27745
19:00 02.05.22,1866.11,1865.9,1866.82,1861.57,28078
20:00 02.05.22,1859.91,1866.21,1866.6,1859.87,26011
21:00 02.05.22,1861.76,1859.92,1863.99,1859.91,34046
22:00 02.05.22,1862.73,1861.78,1863.14,1861.24,11332
00:00 03.05.22,1863.61,1862.91,1864.18,1862.7,4423
01:00 03.05.22,1863.03,1863.61,1863.62,1862.21,6366
02:00 03.05.22,1866.73,1863.04,1867.05,1863.04,16894
03:00 03.05.22,1859.89,1866.71,1866.71,1859.57,16631
04:00 03.05.22,1865.16,1859.88,1865.32,1859.74,14115
05:00 03.05.22,1862.52,1865.16,1865.17,1862.21,10775
06:00 03.05.22,1858.41,1862.49,1864.48,1857.69,16742
07:00 03.05.22,1859.51,1858.41,1860.37,1857.33,17074
08:00 03.05.22,1858.86,1859.5,1862.05,1856.57,26045
09:00 03.05.22,1855.59,1858.82,1860.83,1853.37,34460
10:00 03.05.22,1853.64,1855.6,1856.57,1850.32,26804
11:00 03.05.22,1857.63,1853.63,1859.73,1853.53,22434
12:00 03.05.22,1858.45,1857.58,1860.85,1854.98,22737
13:00 03.05.22,1863.79,1858.48,1863.88,1858.43,24704
14:00 03.05.22,1863.23,1863.78,1865.38,1856.67,38932
15:00 03.05.22,1871.11,1863.03,1872.27,1861.97,49201
16:00 03.05.22,1874.25,1870.94,1877.98,1866.54,51557
17:00 03.05.22,1871.5,1874.25,1877.33,1870.9,36508
18:00 03.05.22,1869.75,1871.49,1872.36,1867.33,29067
19:00 03.05.22,1871.16,1869.74,1871.78,1868.96,20988
20:00 03.05.22,1869.25,1871.14,1871.15,1865.65,25994
21:00 03.05.22,1866.17,1869.26,1869.85,1865.25,20399
22:00 03.05.22,1867.77,1866.15,1868.3,1865.64,8480
00:00 04.05.22,1868.74,1866.42,1869,1866.42,5853
01:00 04.05.22,1868.31,1868.73,1869.4,1866.99,8929
02:00 04.05.22,1865.88,1868.28,1868.34,1864.84,11531
03:00 04.05.22,1862.76,1865.87,1865.94,1862.45,17234
04:00 04.05.22,1863.31,1862.68,1864.84,1861.58,11581
05:00 04.05.22,1864.68,1863.31,1865.6,1863.15,10769
06:00 04.05.22,1865.63,1864.66,1866.15,1863.32,8239
07:00 04.05.22,1863.86,1865.63,1865.87,1862.31,9846
08:00 04.05.22,1866.68,1863.84,1866.68,1861.3,18625
09:00 04.05.22,1870.76,1866.66,1871.81,1865.98,21477
10:00 04.05.22,1868.45,1870.75,1872.01,1868.09,18361
11:00 04.05.22,1869.86,1868.44,1870.63,1866.85,16692
12:00 04.05.22,1867.07,1869.83,1871.65,1866.77,14770
13:00 04.05.22,1868.87,1867.06,1869.89,1865.9,12024
14:00 04.05.22,1867.48,1868.89,1869.52,1863.7,31126
15:00 04.05.22,1862.59,1867.52,1870.77,1861.58,41157
16:00 04.05.22,1866.65,1862.22,1866.95,1861.54,33662
17:00 04.05.22,1868.33,1866.58,1869.11,1865.89,26731
18:00 04.05.22,1868.45,1868.43,1868.86,1865.93,22682
19:00 04.05.22,1866.68,1868.48,1869.65,1865.93,25912
20:00 04.05.22,1885.75,1866.67,1888.69,1861.62,62302
21:00 04.05.22,1884.01,1885.88,1889.62,1881.34,48290
22:00 04.05.22,1880.73,1884.14,1886.57,1880.64,10520
00:00 05.05.22,1882.72,1881.37,1883.75,1881.37,10325
01:00 05.05.22,1893.89,1882.7,1894.09,1882.68,17240
02:00 05.05.22,1895.79,1893.91,1896.03,1892.98,22048
03:00 05.05.22,1900.49,1895.81,1903.3,1895.81,39505
04:00 05.05.22,1899.61,1900.49,1901.55,1899.25,19848
05:00 05.05.22,1901.15,1899.59,1902.69,1899.34,15958
06:00 05.05.22,1901.44,1901.16,1901.63,1899.6,12486
07:00 05.05.22,1898.86,1901.44,1902.1,1898.72,18843
08:00 05.05.22,1897.55,1898.89,1902.05,1897.46,29160
09:00 05.05.22,1895.04,1897.63,1898.25,1891.62,32749
10:00 05.05.22,1894.18,1894.91,1895.2,1889.42,33178
11:00 05.05.22,1897.37,1894.19,1898.66,1893.12,27425
12:00 05.05.22,1896.38,1897.37,1899.24,1895.08,23486
13:00 05.05.22,1897.34,1896.39,1900.17,1895.32,38442
14:00 05.05.22,1906.82,1897.33,1909.68,1897.15,52505
15:00 05.05.22,1894.86,1906.85,1908.33,1892.85,66710
16:00 05.05.22,1886.16,1894.75,1895.19,1882.72,67521
17:00 05.05.22,1874.98,1886.18,1886.2,1874.32,54590
18:00 05.05.22,1876.39,1874.95,1877.24,1872.39,38740
19:00 05.05.22,1874.69,1876.3,1880.13,1873.3,32871
20:00 05.05.22,1877.43,1874.68,1878.01,1873.28,32800
21:00 05.05.22,1877.88,1877.51,1880.91,1876.59,41890
22:00 05.05.22,1876.88,1877.84,1879.22,1876.54,13867
00:00 06.05.22,1877.85,1875.64,1878.18,1875.64,7483
01:00 06.05.22,1874.21,1877.86,1877.89,1874.02,9304
02:00 06.05.22,1872.36,1874.13,1876.63,1871.72,21702
03:00 06.05.22,1870.05,1872.36,1872.73,1866.01,38782
04:00 06.05.22,1875.58,1870.05,1876,1868.84,27167
05:00 06.05.22,1876.85,1875.58,1877.35,1875.27,16129
06:00 06.05.22,1875.74,1876.83,1877.26,1875.72,13089
07:00 06.05.22,1874.04,1875.74,1877.8,1874.04,20674
08:00 06.05.22,1873.21,1874.03,1877.05,1873.04,27795
09:00 06.05.22,1874.04,1873.23,1876.9,1872.97,28533
10:00 06.05.22,1881.75,1874.06,1881.75,1873.08,27024
11:00 06.05.22,1883.11,1881.77,1884.64,1880.48,24319
12:00 06.05.22,1884.7,1883.13,1884.84,1881.26,22637
13:00 06.05.22,1881.72,1884.73,1885.45,1881.19,21995
14:00 06.05.22,1876.42,1881.74,1889.94,1875.91,50780
15:00 06.05.22,1880.96,1876.47,1885.38,1874.39,58237
16:00 06.05.22,1885.55,1880.89,1887.57,1879.62,49228
17:00 06.05.22,1886.41,1885.57,1892.46,1883.98,38692
18:00 06.05.22,1888.63,1886.4,1889.78,1886.09,28411
19:00 06.05.22,1882.18,1888.62,1888.84,1881.66,24677
20:00 06.05.22,1882.43,1882.17,1884.01,1881.89,21317
21:00 06.05.22,1881.01,1882.46,1884.71,1880.65,34269
00:00 09.05.22,1881.52,1883.61,1885.59,1880.22,11855
01:00 09.05.22,1881.22,1881.51,1882.65,1879.85,13508
02:00 09.05.22,1881.13,1881.22,1882.03,1877.71,20158
03:00 09.05.22,1878.32,1881.15,1881.17,1876.4,29814
04:00 09.05.22,1874.62,1878.33,1878.61,1873.74,20694
05:00 09.05.22,1874.94,1874.62,1876.83,1874.35,18008
06:00 09.05.22,1873.71,1874.99,1876.12,1872.84,13274
07:00 09.05.22,1871.72,1873.69,1873.77,1870.63,21006
08:00 09.05.22,1871.42,1871.63,1872.9,1869.36,25506
09:00 09.05.22,1869.69,1871.26,1872.66,1866.49,31792
10:00 09.05.22,1865.5,1869.6,1872.07,1864.16,27957
11:00 09.05.22,1863.69,1865.5,1867.26,1862.23,27768
12:00 09.05.22,1859.55,1863.68,1864,1856.07,33260
13:00 09.05.22,1860.45,1859.55,1861.98,1856.26,27754
14:00 09.05.22,1864.38,1860.5,1868.82,1859.29,42983
15:00 09.05.22,1863.26,1864.37,1871.43,1861.32,53343
16:00 09.05.22,1860.43,1863.29,1866.3,1857.8,55094
17:00 09.05.22,1861.22,1860.43,1863.26,1857.67,40039
18:00 09.05.22,1860.89,1861.24,1865.92,1859.84,33761
19:00 09.05.22,1856.01,1860.89,1861.98,1854.85,30454
20:00 09.05.22,1853.62,1856.02,1858.49,1853.39,29947
21:00 09.05.22,1853.47,1853.62,1856.1,1852.55,35069
22:00 09.05.22,1853.88,1853.26,1854.5,1851.59,15586
00:00 10.05.22,1852.73,1853.29,1854.14,1852.21,7541
01:00 10.05.22,1854.58,1852.73,1854.78,1852.6,9598
02:00 10.05.22,1854.13,1854.56,1855.74,1852.43,22721
03:00 10.05.22,1854.27,1854.15,1856.66,1852.93,28829
04:00 10.05.22,1860.08,1854.29,1861.48,1853.89,30102
05:00 10.05.22,1864.31,1860.08,1864.37,1858.76,19951
06:00 10.05.22,1863.15,1864.3,1865.22,1862.03,17504
07:00 10.05.22,1863.45,1863.14,1864.45,1861.7,25027
08:00 10.05.22,1859.74,1863.4,1865.34,1859.53,29389
09:00 10.05.22,1859.5,1859.77,1862.67,1859.27,27224
10:00 10.05.22,1862.66,1859.45,1864.98,1858.71,24024
11:00 10.05.22,1857.56,1862.66,1863.99,1857.43,29873
12:00 10.05.22,1858.36,1857.59,1858.87,1856.17,22077
13:00 10.05.22,1860.37,1858.38,1864.43,1857.3,25442
14:00 10.05.22,1862.14,1860.37,1863.51,1856.39,35757
15:00 10.05.22,1857.05,1862.14,1864.37,1854.86,49142
16:00 10.05.22,1849.83,1857.04,1859.78,1845.32,50062
17:00 10.05.22,1844.28,1849.8,1850.07,1841.32,52224
18:00 10.05.22,1844.88,1844.29,1847.34,1842.12,38376
19:00 10.05.22,1846.5,1844.81,1846.71,1839.79,39294
20:00 10.05.22,1841.67,1846.5,1846.78,1840.21,26257
21:00 10.05.22,1836.75,1841.74,1843.07,1835.4,32532
22:00 10.05.22,1838.06,1836.79,1840.44,1835.92,16944
00:00 11.05.22,1838.55,1835.79,1840.16,1835.79,6981
01:00 11.05.22,1833.54,1838.53,1838.96,1833.1,12702
02:00 11.05.22,1832.32,1833.54,1834.1,1831.99,18590
03:00 11.05.22,1837.33,1832.31,1837.73,1832.14,26289
04:00 11.05.22,1838.5,1837.32,1839.94,1836.33,20077
05:00 11.05.22,1836.37,1838.49,1838.74,1836.11,14287
06:00 11.05.22,1838.95,1836.36,1839.08,1835.86,12203
07:00 11.05.22,1837.77,1838.95,1839.38,1837.07,17565
08:00 11.05.22,1844.13,1837.71,1845.62,1837.22,23335
09:00 11.05.22,1848.64,1844.12,1850.95,1843.18,30478
10:00 11.05.22,1851.58,1848.64,1852.45,1846.6,18988
11:00 11.05.22,1852.31,1851.58,1854.24,1850.58,18299
12:00 11.05.22,1852.48,1852.33,1854.16,1851.06,15163
13:00 11.05.22,1850.22,1852.55,1854.09,1850.06,16414
14:00 11.05.22,1839.41,1850.25,1852.06,1834.62,52056
15:00 11.05.22,1853.2,1839.21,1857.94,1837.67,70392
16:00 11.05.22,1851.11,1853.09,1853.55,1846.32,56404
17:00 11.05.22,1852.22,1851.11,1854.77,1847.41,50487
18:00 11.05.22,1852.13,1852.26,1854.47,1850.05,41926
19:00 11.05.22,1851.91,1852.15,1856.42,1850.64,35248
20:00 11.05.22,1852.81,1851.87,1855.53,1850.5,32438
21:00 11.05.22,1853.03,1852.8,1854.34,1851.13,23464
22:00 11.05.22,1852.25,1853.03,1853.1,1851.5,8618
00:00 12.05.22,1852.53,1851.54,1852.79,1850.9,5859
01:00 12.05.22,1854,1852.54,1856.08,1852.48,7437
02:00 12.05.22,1857.23,1854.01,1857.6,1851.86,22633
03:00 12.05.22,1857.12,1857.23,1858.72,1853.76,24651
04:00 12.05.22,1853.06,1857.13,1858.23,1852.1,21585
05:00 12.05.22,1852.97,1853.06,1854.9,1851.76,17097
06:00 12.05.22,1851.03,1852.97,1853.57,1850.09,15045
07:00 12.05.22,1849.93,1851.03,1852.59,1847.38,24863
08:00 12.05.22,1851.85,1849.95,1854.06,1847.75,30594
09:00 12.05.22,1850.77,1851.89,1853.64,1843.81,45373
10:00 12.05.22,1847.09,1850.74,1852.27,1846.53,39401
11:00 12.05.22,1848.03,1847.15,1851.39,1845.93,32370
12:00 12.05.22,1847.2,1848.03,1851.98,1845.69,35300
13:00 12.05.22,1842.42,1847.2,1848.15,1839.88,40162
14:00 12.05.22,1845.07,1842.39,1847.48,1841.01,40711
15:00 12.05.22,1839.05,1844.99,1848.98,1838.42,52196
16:00 12.05.22,1842.09,1839.06,1843.03,1835.61,50458
17:00 12.05.22,1835.51,1842.09,1843.2,1833.3,37584
18:00 12.05.22,1825.39,1835.52,1837.02,1824.04,44948
19:00 12.05.22,1822.88,1825.42,1826.62,1821.85,44662
20:00 12.05.22,1823.04,1822.97,1824.74,1821.37,29866
21:00 12.05.22,1823.84,1823.02,1825.31,1821.77,32568
22:00 12.05.22,1821.57,1823.84,1823.84,1821.19,16065
00:00 13.05.22,1819.11,1821.94,1823.45,1810.35,19986
01:00 13.05.22,1821.32,1819.12,1822.44,1818.59,14650
02:00 13.05.22,1822.39,1821.34,1823.81,1820.79,19348
03:00 13.05.22,1823.41,1822.37,1825.43,1822.37,27697
04:00 13.05.22,1824.94,1823.43,1825.44,1822.78,18553
05:00 13.05.22,1824.85,1824.8,1826.93,1823.92,17140
06:00 13.05.22,1826.54,1824.79,1827.37,1824.68,13617
07:00 13.05.22,1825.68,1826.53,1828.34,1825.46,17593
08:00 13.05.22,1822.34,1825.71,1827.6,1821.2,28439
09:00 13.05.22,1824.17,1822.33,1828.66,1821.98,34482
10:00 13.05.22,1822.06,1824.14,1826.43,1820.17,25245
11:00 13.05.22,1822.9,1822.09,1824.56,1821.81,19983
12:00 13.05.22,1819.73,1822.89,1822.89,1815.62,27905
13:00 13.05.22,1813.91,1819.72,1820.35,1812.8,26529
14:00 13.05.22,1810.2,1813.88,1816.41,1808.21,41297
15:00 13.05.22,1806.26,1810.23,1810.37,1799.01,56337
16:00 13.05.22,1814.63,1806.28,1818.24,1806.28,47922
17:00 13.05.22,1808.99,1814.69,1816.55,1806.95,37110
18:00 13.05.22,1811.17,1808.99,1812.91,1808.31,27783
19:00 13.05.22,1808.84,1811.17,1811.89,1807.63,26724
20:00 13.05.22,1810.98,1808.84,1811.1,1808.62,24361
21:00 13.05.22,1809.66,1810.94,1811,1806.85,29755
00:00 16.05.22,1810.97,1810.1,1814.36,1808.88,10239
01:00 16.05.22,1813.06,1810.97,1813.5,1809.71,16431
02:00 16.05.22,1815.66,1813.12,1816.16,1811.23,16940
03:00 16.05.22,1814.48,1815.64,1817.45,1814.18,26043
04:00 16.05.22,1811.97,1814.38,1814.38,1810.14,22513
05:00 16.05.22,1810.64,1811.9,1813.05,1809.47,14749
06:00 16.05.22,1807.62,1810.66,1811.16,1807.21,13155
07:00 16.05.22,1808.9,1807.65,1809.77,1806.5,19337
08:00 16.05.22,1806.67,1808.91,1808.91,1804.71,24271
09:00 16.05.22,1792.87,1806.61,1810.03,1786.69,42840
10:00 16.05.22,1798.82,1792.87,1800.96,1792.58,29975
11:00 16.05.22,1800.31,1798.89,1807.19,1798.28,27194
12:00 16.05.22,1806.32,1800.31,1806.47,1799.21,21498
13:00 16.05.22,1800.39,1806.37,1806.86,1798.8,27257
14:00 16.05.22,1808.04,1800.39,1810.36,1798,38258
15:00 16.05.22,1807.73,1808.04,1810.54,1804.76,49554
16:00 16.05.22,1812.23,1807.76,1815.72,1807.48,50495
17:00 16.05.22,1813.72,1812.23,1814.24,1810.46,34789
18:00 16.05.22,1815.57,1813.72,1816.37,1811.85,28132
19:00 16.05.22,1816.25,1815.57,1818.07,1813.69,28114
20:00 16.05.22,1822.39,1816.26,1823,1814.35,37847
21:00 16.05.22,1826.22,1822.39,1826.76,1822.23,35171
22:00 16.05.22,1823.82,1826.25,1826.47,1822.09,12856
00:00 17.05.22,1824.39,1823.8,1825.23,1822.86,7350
01:00 17.05.22,1826.34,1824.41,1829.27,1824.39,10941
02:00 17.05.22,1825.4,1826.35,1828.77,1825.15,17851
03:00 17.05.22,1826.13,1825.48,1826.88,1822.3,28885
04:00 17.05.22,1824.7,1826.17,1828.27,1824.69,19077
05:00 17.05.22,1822.61,1824.7,1825.44,1821.79,16087
06:00 17.05.22,1823.71,1822.59,1825.58,1822.59,10940
07:00 17.05.22,1828.34,1823.69,1828.73,1823.45,15257
08:00 17.05.22,1830.18,1828.3,1830.22,1826.6,23998
09:00 17.05.22,1824.07,1830.19,1830.19,1823.29,26354
10:00 17.05.22,1827.88,1824.06,1828.93,1823.64,26030
11:00 17.05.22,1828.24,1827.86,1829.84,1825.99,25267
12:00 17.05.22,1827.43,1828.3,1830.31,1826.59,25839
13:00 17.05.22,1834.55,1827.43,1836,1826.6,29839
14:00 17.05.22,1832.28,1834.54,1835.8,1827.7,44123
15:00 17.05.22,1823.87,1832.1,1832.86,1822.32,48009
16:00 17.05.22,1821.85,1823.88,1825.55,1817.95,46688
17:00 17.05.22,1818.63,1821.91,1822.72,1818.43,32445
18:00 17.05.22,1821.18,1818.63,1823.07,1817.85,27075
19:00 17.05.22,1819.23,1821.21,1821.8,1818.36,22031
20:00 17.05.22,1816.2,1819.25,1820.65,1813.57,47651
21:00 17.05.22,1815.8,1816.2,1817.53,1814.77,25443
22:00 17.05.22,1814.95,1815.86,1816.17,1812.76,11831
00:00 18.05.22,1814.23,1814.34,1815.5,1813.77,7066
01:00 18.05.22,1814.45,1814.21,1814.81,1812.9,10989
02:00 18.05.22,1816.13,1814.44,1817.04,1814.2,15601
03:00 18.05.22,1812.09,1816.16,1817.11,1810.88,27546
04:00 18.05.22,1812.45,1812.11,1813.67,1810.47,20459
05:00 18.05.22,1808.4,1812.45,1812.71,1807.59,18228
06:00 18.05.22,1808.98,1808.37,1809.93,1807.84,11603
07:00 18.05.22,1811.41,1808.98,1811.41,1808.71,17743
08:00 18.05.22,1809.66,1811.44,1815.03,1809.61,25145
09:00 18.05.22,1815.39,1809.66,1816.45,1809.31,26771
10:00 18.05.22,1815.39,1815.38,1817.02,1813.59,24283
11:00 18.05.22,1819.35,1815.4,1820.02,1813.93,23227
12:00 18.05.22,1817.23,1819.35,1820.29,1815.65,22260
13:00 18.05.22,1808.81,1817.23,1817.49,1807.49,29467
14:00 18.05.22,1811.23,1808.81,1814.52,1807.13,41945
15:00 18.05.22,1810.39,1811.13,1815.7,1809.64,45954
16:00 18.05.22,1814,1810.24,1814.75,1809.96,41142
17:00 18.05.22,1823.27,1814.09,1824.59,1813.48,42879
18:00 18.05.22,1820.76,1823.41,1823.53,1819.52,30776
19:00 18.05.22,1817.44,1820.72,1821.05,1815.29,30439
20:00 18.05.22,1818.62,1817.45,1819.66,1815.82,26969
21:00 18.05.22,1816.01,1818.61,1821.99,1815.37,28799
22:00 18.05.22,1816.24,1816.01,1817.31,1815.57,10569
00:00 19.05.22,1817.11,1815.57,1817.29,1814.95,7518
01:00 19.05.22,1815.99,1817.11,1817.19,1815.34,12901
02:00 19.05.22,1815.07,1816.01,1816.68,1814.26,19138
03:00 19.05.22,1815.47,1815.04,1816.82,1813.8,22151
04:00 19.05.22,1815.51,1815.48,1816.63,1814.54,15426
05:00 19.05.22,1816.05,1815.5,1817.58,1815.09,16087
06:00 19.05.22,1815.27,1815.98,1817.31,1814.72,12955
07:00 19.05.22,1813.71,1815.26,1815.35,1813.05,21029
08:00 19.05.22,1814.01,1813.71,1814.79,1812.75,21776
09:00 19.05.22,1813.1,1813.95,1815.74,1810.87,31714
10:00 19.05.22,1822.53,1813.09,1823.09,1810.88,31310
11:00 19.05.22,1829.5,1822.49,1830.19,1821.27,33278
12:00 19.05.22,1828.68,1829.5,1830.7,1826.3,27646
13:00 19.05.22,1830.44,1828.69,1832.28,1827.92,32084
14:00 19.05.22,1838.21,1830.24,1841.43,1827.28,43937
15:00 19.05.22,1839.36,1838.22,1841.36,1832.29,58531
16:00 19.05.22,1845.72,1839.37,1846.83,1839.29,58763
17:00 19.05.22,1842.25,1845.67,1849.01,1840.24,44274
18:00 19.05.22,1842.87,1842.27,1843.1,1841.22,33930
19:00 19.05.22,1841.39,1842.88,1843.88,1840.07,32757
20:00 19.05.22,1840,1841.45,1842,1839.84,28076
21:00 19.05.22,1842.7,1840,1843.41,1839.82,26292
22:00 19.05.22,1841.64,1842.71,1842.85,1840.83,10202
00:00 20.05.22,1841.83,1839.92,1842.31,1839.74,5725
01:00 20.05.22,1842,1841.8,1844.49,1841.43,9250
02:00 20.05.22,1841.29,1842.01,1843.22,1840.02,16141
03:00 20.05.22,1838.03,1841.28,1842.11,1837.61,22807
04:00 20.05.22,1838.62,1837.99,1839.11,1836.42,18809
05:00 20.05.22,1841.52,1838.64,1841.55,1838.63,15027
06:00 20.05.22,1842.63,1841.47,1843.5,1840.87,13852
07:00 20.05.22,1845.51,1842.62,1846.57,1841.22,25455
08:00 20.05.22,1848.81,1845.59,1848.85,1844.59,27109
09:00 20.05.22,1844.04,1848.79,1849.3,1841.7,31574
10:00 20.05.22,1845.56,1844,1846.35,1843,22971
11:00 20.05.22,1846.84,1845.55,1847.1,1843.53,20916
12:00 20.05.22,1845.4,1846.9,1847.65,1843.94,19126
13:00 20.05.22,1842.4,1845.39,1846.7,1841.07,21636
14:00 20.05.22,1842.06,1842.4,1846.62,1841.01,35348
15:00 20.05.22,1836.24,1842.13,1843.77,1836.19,48602
16:00 20.05.22,1840.52,1836.2,1840.68,1832.26,43425
17:00 20.05.22,1842.42,1840.54,1846.54,1839.4,35821
18:00 20.05.22,1841.44,1842.42,1842.81,1839.55,30690
19:00 20.05.22,1842.97,1841.45,1844.02,1840.3,28362
20:00 20.05.22,1843.09,1843.07,1843.66,1840.94,22138
21:00 20.05.22,1844.47,1843.16,1845.28,1841.92,18027
00:00 23.05.22,1847.55,1845.08,1858.06,1843.13,14753
01:00 23.05.22,1846.29,1847.54,1849.26,1845.53,9490
02:00 23.05.22,1852.39,1846.29,1853.57,1845.72,15075
03:00 23.05.22,1848.84,1852.39,1853.01,1848.42,21048
04:00 23.05.22,1852.38,1848.82,1853.44,1848.62,19689
05:00 23.05.22,1854.24,1852.41,1854.87,1852.41,13369
06:00 23.05.22,1854.23,1854.25,1855.75,1853.63,9982
07:00 23.05.22,1856.06,1854.23,1858.07,1853.9,17863
08:00 23.05.22,1853.04,1856,1856,1851.74,23053
09:00 23.05.22,1856.45,1853.03,1857.29,1852.23,20919
10:00 23.05.22,1861.46,1856.42,1862.99,1855.89,27797
11:00 23.05.22,1864.28,1861.46,1865.04,1860.87,22421
12:00 23.05.22,1860.24,1864.28,1865.25,1860.01,18423
13:00 23.05.22,1862.17,1860.26,1862.71,1859.54,20446
14:00 23.05.22,1855.62,1862.19,1864.5,1854.8,33597
15:00 23.05.22,1854.41,1855.66,1857.03,1852.65,40788
16:00 23.05.22,1853.76,1854.41,1858.03,1852.86,33993
17:00 23.05.22,1851.89,1853.77,1855.08,1850.44,29591
18:00 23.05.22,1849.99,1851.89,1852.07,1848.58,23728
19:00 23.05.22,1853.33,1849.96,1853.48,1846.76,23679
20:00 23.05.22,1856.1,1853.36,1858.72,1852.84,21771
21:00 23.05.22,1852.92,1856.2,1857.19,1852.83,18068
22:00 23.05.22,1853.29,1853.09,1853.78,1852.82,6021
00:00 24.05.22,1853.32,1852.78,1854.32,1852.09,4330
01:00 24.05.22,1853.81,1853.34,1854.97,1853.21,5113
02:00 24.05.22,1851.89,1853.81,1854.22,1851.82,10039
03:00 24.05.22,1849.78,1851.91,1852.25,1849.74,18387
04:00 24.05.22,1850.78,1849.79,1851.05,1849.17,10854
05:00 24.05.22,1855.63,1850.77,1855.85,1850.67,12056
06:00 24.05.22,1855.72,1855.68,1857.03,1855.52,8947
07:00 24.05.22,1854.89,1855.77,1856.49,1854.53,13279
08:00 24.05.22,1851.38,1854.89,1855.43,1850.31,20596
09:00 24.05.22,1859.94,1851.35,1859.94,1851.25,24430
10:00 24.05.22,1856.04,1859.87,1860.58,1855.56,19725
11:00 24.05.22,1856.51,1856.13,1859.01,1855.77,14571
12:00 24.05.22,1857.68,1856.49,1857.91,1854.67,13490
13:00 24.05.22,1858.03,1857.71,1859.51,1856.59,16169
14:00 24.05.22,1860.06,1858.03,1860.62,1854,24713
15:00 24.05.22,1867.42,1859.96,1867.63,1858.62,37629
16:00 24.05.22,1865.31,1867.42,1868.82,1860.21,46967
17:00 24.05.22,1869.16,1865.26,1869.49,1864.8,31953
18:00 24.05.22,1867.02,1869.1,1869.59,1865.05,24833
19:00 24.05.22,1864.37,1867.03,1867.03,1864.02,24865
20:00 24.05.22,1864.25,1864.39,1866.2,1862.66,20595
21:00 24.05.22,1866.74,1864.27,1866.86,1863.77,21480
22:00 24.05.22,1866.36,1866.74,1867.04,1865.82,7639
00:00 25.05.22,1866.19,1864.98,1866.5,1863.84,4708
01:00 25.05.22,1867.3,1866.17,1867.8,1865.76,6003
02:00 25.05.22,1865.1,1867.32,1867.96,1864.72,12084
03:00 25.05.22,1861.26,1865.1,1865.49,1860.98,18922
04:00 25.05.22,1860.92,1861.23,1863.07,1859.6,16480
05:00 25.05.22,1862.51,1860.89,1862.72,1859.57,11109
06:00 25.05.22,1863.11,1862.51,1863.15,1861.8,7887
07:00 25.05.22,1859.93,1863.12,1863.21,1858.68,12442
08:00 25.05.22,1857.73,1859.97,1860.21,1855.8,21548
09:00 25.05.22,1858.54,1857.74,1859.37,1856.7,17539
10:00 25.05.22,1855.91,1858.54,1859.96,1855.01,19198
11:00 25.05.22,1856.84,1855.89,1859.31,1855.57,12942
12:00 25.05.22,1852,1856.86,1856.86,1851.34,19404
13:00 25.05.22,1855.02,1852.01,1856.23,1851.2,20520
14:00 25.05.22,1852.49,1855.04,1856.99,1850.82,31252
15:00 25.05.22,1849.4,1852.48,1854.28,1847.69,50574
16:00 25.05.22,1850.39,1849.34,1851.18,1846.84,36175
17:00 25.05.22,1845.73,1850.41,1850.57,1841.21,31269
18:00 25.05.22,1845.06,1845.73,1847.07,1843.3,20237
19:00 25.05.22,1847.48,1845.03,1849.01,1843.39,25795
20:00 25.05.22,1854.49,1847.5,1854.54,1847.49,33472
21:00 25.05.22,1854.99,1854.47,1856.24,1853.86,19254
22:00 25.05.22,1853.2,1854.98,1855.23,1852.87,7305
00:00 26.05.22,1853.02,1852.7,1854.09,1851.85,5214
01:00 26.05.22,1853.94,1853.01,1854.06,1852.87,6029
02:00 26.05.22,1852.32,1853.89,1854.23,1852.05,16793
03:00 26.05.22,1849.58,1852.29,1853.18,1849.14,19699
04:00 26.05.22,1851.82,1849.6,1852.51,1849.25,17540
05:00 26.05.22,1850.62,1851.87,1852.15,1848.75,11732
06:00 26.05.22,1845,1850.69,1851.41,1844.21,14972
07:00 26.05.22,1843.54,1845,1846.03,1842.77,20979
08:00 26.05.22,1846.76,1843.61,1846.76,1843.61,24537
09:00 26.05.22,1847.79,1846.78,1850.67,1846.16,31986
10:00 26.05.22,1845.8,1847.82,1849.62,1845.69,21975
11:00 26.05.22,1845.72,1845.81,1847.08,1842.78,22124
12:00 26.05.22,1844.51,1845.71,1847.79,1843.04,20698
13:00 26.05.22,1846.43,1844.56,1846.63,1840.63,28312
14:00 26.05.22,1843.21,1846.42,1847.35,1842.53,31627
15:00 26.05.22,1849.14,1843.26,1849.34,1841.24,45952
16:00 26.05.22,1846.68,1849.16,1853.3,1845.75,45962
17:00 26.05.22,1846.4,1846.67,1847.76,1843.88,33369
18:00 26.05.22,1847.61,1846.4,1847.61,1846,21901
19:00 26.05.22,1849.38,1847.61,1850.28,1847.61,26570
20:00 26.05.22,1851.58,1849.35,1851.84,1848.56,22039
21:00 26.05.22,1851.93,1851.59,1853.61,1851.59,19003
22:00 26.05.22,1850.56,1852,1852.15,1850.26,5236
00:00 27.05.22,1851.23,1849.8,1851.23,1849.8,4382
01:00 27.05.22,1852.69,1851.26,1853.74,1851.12,5602
02:00 27.05.22,1849.32,1852.7,1852.96,1848.27,11669
03:00 27.05.22,1855.84,1849.32,1856.31,1847.88,25225
04:00 27.05.22,1853.66,1855.86,1855.9,1852.44,17299
05:00 27.05.22,1854.43,1853.66,1854.71,1851.96,11530
06:00 27.05.22,1853.12,1854.44,1854.72,1852.93,6692
07:00 27.05.22,1853.47,1853.1,1855.66,1851.86,15690
08:00 27.05.22,1854.12,1853.48,1855.64,1852.46,17967
09:00 27.05.22,1858.22,1854.12,1858.43,1853.87,22585
10:00 27.05.22,1856.7,1858.23,1860.34,1856.6,23950
11:00 27.05.22,1858.55,1856.66,1860.24,1856.6,19101
12:00 27.05.22,1857.68,1858.58,1860.24,1857.31,20515
13:00 27.05.22,1858.25,1857.69,1860.16,1857.22,30371
14:00 27.05.22,1855.69,1858.31,1861.87,1850.42,51613
15:00 27.05.22,1855.96,1855.65,1861.21,1854.92,52304
16:00 27.05.22,1854.66,1855.95,1857.28,1852.63,43848
17:00 27.05.22,1854.56,1854.86,1855.71,1851,33519
18:00 27.05.22,1853.1,1854.57,1854.9,1851.91,23832
19:00 27.05.22,1853.22,1853.05,1854.25,1851.89,19844
20:00 27.05.22,1852.86,1853.2,1853.88,1851.95,13218
21:00 27.05.22,1853.39,1852.91,1854.77,1852.67,14442
00:00 30.05.22,1850.79,1852.05,1853.84,1850.77,6217
01:00 30.05.22,1849.82,1850.79,1850.88,1847.77,8197
02:00 30.05.22,1850.35,1849.81,1851.98,1849.29,12061
03:00 30.05.22,1856.66,1850.28,1857.34,1848.63,24452
04:00 30.05.22,1858.88,1856.66,1860.05,1856.66,21867
05:00 30.05.22,1860.49,1858.9,1860.81,1857.79,13502
06:00 30.05.22,1860.94,1860.48,1861.83,1859.32,14496
07:00 30.05.22,1862.06,1860.94,1863.27,1860.73,18146
08:00 30.05.22,1861.13,1862.05,1863.93,1860.79,20003
09:00 30.05.22,1858.59,1861.13,1863.81,1858.31,20620
10:00 30.05.22,1858.84,1858.6,1860.04,1856.18,20606
11:00 30.05.22,1858.08,1858.81,1859.14,1856.79,13913
12:00 30.05.22,1855.04,1858.08,1859.32,1854.33,16783
13:00 30.05.22,1854.33,1855.04,1856.41,1854.12,14454
14:00 30.05.22,1855.22,1854.35,1856.11,1854,15646
15:00 30.05.22,1859.01,1855.24,1861.04,1854.99,26549
16:00 30.05.22,1858.49,1858.99,1859.05,1854.21,25753
17:00 30.05.22,1855.59,1858.48,1858.54,1854.89,14141
18:00 30.05.22,1856.24,1855.58,1856.77,1855.08,7502
19:00 30.05.22,1855.37,1856.23,1856.34,1855.33,1407
20:00 30.05.22,1855.37,1855.37,1855.37,1855.37,2
00:00 31.05.22,1854.31,1855.67,1856.8,1854.12,5984
01:00 31.05.22,1852.33,1854.3,1854.89,1851.98,9868
02:00 31.05.22,1846.36,1852.35,1852.56,1846.01,27238
03:00 31.05.22,1849.01,1846.35,1849.3,1845.83,29682
04:00 31.05.22,1851.22,1849,1851.24,1848.33,16573
05:00 31.05.22,1852.16,1851.22,1853.32,1850.83,15154
06:00 31.05.22,1851.54,1852.14,1853.52,1851.04,12659
07:00 31.05.22,1852.95,1851.54,1854.41,1851.53,17203
08:00 31.05.22,1854.29,1852.93,1856.3,1852.43,25727
09:00 31.05.22,1854.65,1854.28,1855.85,1853.68,21442
10:00 31.05.22,1852.54,1854.62,1857.03,1852.01,21203
11:00 31.05.22,1850.1,1852.54,1853.97,1848.98,25450
12:00 31.05.22,1849.05,1850.12,1850.99,1847.26,24282
13:00 31.05.22,1848.74,1849.05,1850.57,1844.44,30740
14:00 31.05.22,1848.86,1848.76,1852.19,1847.06,40588
15:00 31.05.22,1850.94,1848.79,1855.27,1848.34,44235
16:00 31.05.22,1845.18,1850.93,1851.14,1839.68,57429
17:00 31.05.22,1843.5,1845.16,1847,1840.08,40006
18:00 31.05.22,1845.88,1843.48,1845.99,1841.77,27634
19:00 31.05.22,1842.52,1845.83,1846.16,1842.35,24740
20:00 31.05.22,1840.72,1842.5,1843.26,1839.72,25919
21:00 31.05.22,1836.02,1840.72,1840.72,1835.02,36035
22:00 31.05.22,1837.08,1835.83,1838.33,1835.34,14081
00:00 01.06.22,1837.72,1835.06,1838.37,1835.06,4818
01:00 01.06.22,1836.35,1837.71,1837.84,1836.04,8289
02:00 01.06.22,1834.35,1836.37,1836.52,1834.12,20128
03:00 01.06.22,1835.04,1834.34,1836.28,1833.21,29601
04:00 01.06.22,1836.89,1834.99,1837.88,1834.13,20327
05:00 01.06.22,1836.67,1836.88,1837.78,1836.39,12520
06:00 01.06.22,1833.43,1836.68,1836.69,1831.78,20025
07:00 01.06.22,1832.33,1833.41,1833.55,1829.47,24223
08:00 01.06.22,1833.49,1832.3,1835.13,1832.11,25139
09:00 01.06.22,1833.63,1833.54,1836.77,1831.38,27379
10:00 01.06.22,1830.03,1833.63,1837.09,1829.36,26403
11:00 01.06.22,1831.46,1830.05,1831.88,1828.38,26814
12:00 01.06.22,1831.96,1831.47,1833.26,1829.12,18367
13:00 01.06.22,1829.68,1831.97,1832.46,1829.16,21868
14:00 01.06.22,1844.06,1829.66,1844.67,1828.83,53564
15:00 01.06.22,1845.21,1844.19,1849.03,1843.98,57595
16:00 01.06.22,1843.37,1845.08,1845.73,1837.77,63219
17:00 01.06.22,1845.53,1843.35,1847.58,1842.31,32389
18:00 01.06.22,1847.52,1845.52,1849.8,1844.56,32137
19:00 01.06.22,1847.74,1847.51,1849.81,1844.97,24338
20:00 01.06.22,1848.78,1847.74,1849.87,1846.67,19367
21:00 01.06.22,1847.25,1848.74,1849.31,1846.97,19052
22:00 01.06.22,1846.21,1847.23,1847.73,1846.09,7190
00:00 02.06.22,1847,1845.65,1847.2,1845.65,5262
01:00 02.06.22,1845.92,1847.01,1847.11,1845.37,7611
02:00 02.06.22,1847.21,1845.92,1848.87,1845.53,16363
03:00 02.06.22,1844.8,1847.18,1847.47,1844.73,20037
04:00 02.06.22,1844.3,1844.8,1846.45,1844.02,16822
05:00 02.06.22,1844.75,1844.28,1846.11,1844.13,11306
06:00 02.06.22,1844.94,1844.74,1846.01,1844.25,11607
07:00 02.06.22,1848.14,1844.98,1848.89,1844.02,23345
08:00 02.06.22,1851.84,1848.09,1852.75,1847.98,27614
09:00 02.06.22,1851.09,1851.87,1853.21,1849.63,22685
10:00 02.06.22,1852.01,1851.1,1852.63,1850.49,16729
11:00 02.06.22,1854,1852.02,1854.88,1852.01,18265
12:00 02.06.22,1855.03,1854.01,1856.9,1853.7,21748
13:00 02.06.22,1855.77,1855.05,1856.63,1854.82,20089
14:00 02.06.22,1856.48,1855.76,1858.67,1850.8,49021
15:00 02.06.22,1863.88,1856.48,1867.14,1856.48,53700
16:00 02.06.22,1865.36,1863.89,1869.46,1863.29,48861
17:00 02.06.22,1867.87,1865.32,1869.67,1865.32,30126
18:00 02.06.22,1867.72,1867.87,1870.38,1867.66,23892
19:00 02.06.22,1867.98,1867.72,1868.91,1866.38,20743
20:00 02.06.22,1869.29,1867.98,1869.95,1867.3,19396
21:00 02.06.22,1869.55,1869.27,1870.18,1868.91,17482
22:00 02.06.22,1868.39,1869.58,1870.27,1867.85,8979
00:00 03.06.22,1869.39,1868.3,1869.47,1868.22,3734
01:00 03.06.22,1869.82,1869.42,1870.5,1868.93,7850
02:00 03.06.22,1873.19,1869.83,1873.96,1868.09,21786
03:00 03.06.22,1871.83,1873.21,1873.68,1870.59,18639
04:00 03.06.22,1870.18,1871.81,1872.27,1869.89,12491
05:00 03.06.22,1868.85,1870.17,1870.56,1867.71,13142
06:00 03.06.22,1867.78,1868.85,1868.87,1866.69,11625
07:00 03.06.22,1868.32,1867.81,1869.09,1867.11,11739
08:00 03.06.22,1865.81,1868.22,1869.08,1865.49,16356
09:00 03.06.22,1864.55,1865.81,1866.78,1864.24,19432
10:00 03.06.22,1864.74,1864.55,1866.35,1864.29,14404
11:00 03.06.22,1864.74,1864.78,1865.23,1863.26,14937
12:00 03.06.22,1866.03,1864.73,1866.43,1864.25,14634
13:00 03.06.22,1863.66,1866.04,1867.75,1863.36,23018
14:00 03.06.22,1858.2,1863.68,1866.74,1856.54,47704
15:00 03.06.22,1863.21,1858.25,1864.41,1856.93,45246
16:00 03.06.22,1857.6,1863.06,1865.09,1857.42,41001
17:00 03.06.22,1851.81,1857.61,1857.8,1851.5,42930
18:00 03.06.22,1850.79,1851.81,1851.81,1847.84,32419
19:00 03.06.22,1848.84,1850.8,1851.19,1847.25,26951
20:00 03.06.22,1850.74,1848.84,1850.95,1847.54,15172
21:00 03.06.22,1850.62,1850.73,1851.32,1848.2,18474
00:00 06.06.22,1852.02,1850.78,1852.16,1848.98,7114
01:00 06.06.22,1851.44,1852,1853.2,1851.41,8029
02:00 06.06.22,1850.77,1851.47,1853.42,1850.38,15184
03:00 06.06.22,1853.08,1850.77,1854.02,1850.48,30474
04:00 06.06.22,1854.47,1853.07,1854.78,1853.06,13813
05:00 06.06.22,1856,1854.46,1856.23,1854.22,13694
06:00 06.06.22,1855.27,1855.99,1856.58,1855.08,9505
07:00 06.06.22,1855.1,1855.26,1856.24,1853.74,15996
08:00 06.06.22,1853.85,1855.01,1855.46,1853.23,21274
09:00 06.06.22,1852.13,1853.83,1855.78,1851.47,29497
10:00 06.06.22,1851.53,1852.09,1853.66,1850.82,23181
11:00 06.06.22,1853.84,1851.53,1853.89,1851.12,18975
12:00 06.06.22,1852.78,1853.84,1855.35,1851.78,21991
13:00 06.06.22,1853.75,1852.77,1854.95,1852.61,20500
14:00 06.06.22,1853.51,1853.76,1857.74,1850.73,37670
15:00 06.06.22,1850.38,1853.48,1854.18,1848.73,41009
16:00 06.06.22,1848.09,1850.32,1850.32,1845.37,44766
17:00 06.06.22,1843.45,1848.08,1848.27,1841.74,38831
18:00 06.06.22,1842.21,1843.49,1843.99,1841.49,26059
19:00 06.06.22,1841.72,1842.22,1843.72,1840.81,21821
20:00 06.06.22,1841.41,1841.63,1842.46,1840.56,18270
21:00 06.06.22,1842.05,1841.4,1842.42,1841.07,16044
22:00 06.06.22,1841.08,1841.99,1842.43,1840.99,6850
00:00 07.06.22,1841.46,1840.45,1841.9,1839.81,5152
01:00 07.06.22,1839.35,1841.55,1841.64,1837.85,11598
02:00 07.06.22,1838.97,1839.33,1840.32,1837.66,17791
03:00 07.06.22,1840.84,1838.97,1841.05,1836.68,32390
04:00 07.06.22,1841.42,1840.88,1841.93,1839.33,16038
05:00 07.06.22,1840.1,1841.39,1842.48,1840.08,12823
06:00 07.06.22,1842.28,1840.09,1844.46,1839.97,18836
07:00 07.06.22,1838.72,1842.29,1842.73,1838.7,18548
08:00 07.06.22,1841.48,1838.73,1842.96,1838.38,23090
09:00 07.06.22,1842.02,1841.46,1846.27,1841.45,26856
10:00 07.06.22,1846.54,1842.04,1848.4,1842.02,27244
11:00 07.06.22,1847.24,1846.55,1848.83,1846.32,20894
12:00 07.06.22,1850.45,1847.24,1851.87,1846.01,25032
13:00 07.06.22,1847.2,1850.46,1851.01,1847.18,26341
14:00 07.06.22,1844.96,1847.21,1849.4,1842.6,33972
15:00 07.06.22,1851.42,1844.94,1853.45,1842.27,49868
16:00 07.06.22,1851.02,1851.42,1852.51,1847.02,45305
17:00 07.06.22,1851.31,1851.05,1852.34,1849.39,28598
18:00 07.06.22,1851,1851.33,1852.9,1849.9,20765
19:00 07.06.22,1850.11,1850.99,1851.29,1848.64,21316
20:00 07.06.22,1854.21,1850.14,1854.56,1849.97,20129
21:00 07.06.22,1854.27,1854.2,1855.43,1853.1,20208
22:00 07.06.22,1852.06,1854.07,1854.48,1851.57,11388
00:00 08.06.22,1852.56,1849.88,1852.73,1849.81,5823
01:00 08.06.22,1853.48,1852.6,1853.59,1851.09,9853
02:00 08.06.22,1850.15,1853.47,1853.63,1849.45,22227
03:00 08.06.22,1849.1,1850.16,1850.67,1848.18,28541
04:00 08.06.22,1848.97,1849.1,1850.47,1848.71,14132
05:00 08.06.22,1846.74,1848.97,1848.98,1846.62,13066
06:00 08.06.22,1847.37,1846.69,1849.04,1845.66,14650
07:00 08.06.22,1849.45,1847.38,1849.48,1846.81,14115
08:00 08.06.22,1849.41,1849.44,1850.23,1848.77,21732
09:00 08.06.22,1849.9,1849.41,1851.17,1846.38,24850
10:00 08.06.22,1847.34,1849.9,1850.41,1846.63,22340
11:00 08.06.22,1849.43,1847.33,1850.01,1847.18,16965
12:00 08.06.22,1847.37,1849.44,1851.3,1847.12,22541
13:00 08.06.22,1851.44,1847.38,1851.61,1847,25490
14:00 08.06.22,1852,1851.44,1853.28,1844.41,43509
15:00 08.06.22,1852.46,1851.98,1855.96,1851.09,45900
16:00 08.06.22,1856.04,1852.47,1856.62,1852.07,42463
17:00 08.06.22,1858.29,1856.06,1859.52,1855.7,35114
18:00 08.06.22,1855.34,1858.21,1858.74,1854.54,23779
19:00 08.06.22,1854.51,1855.36,1855.8,1852.81,26452
20:00 08.06.22,1853.15,1854.46,1855.01,1852.4,15438
21:00 08.06.22,1852.38,1853.15,1853.89,1852,16433
22:00 08.06.22,1853.09,1852.36,1853.23,1848.85,8157
00:00 09.06.22,1853.78,1852.16,1854.32,1851.81,5413
01:00 09.06.22,1852.67,1853.79,1854.13,1852.6,6996
02:00 09.06.22,1851.78,1852.66,1853.69,1851.44,14214
03:00 09.06.22,1851.08,1851.81,1853.97,1850.85,20691
04:00 09.06.22,1852.85,1851.08,1852.94,1850.81,14992
05:00 09.06.22,1854.99,1852.84,1855.23,1852.47,17907
06:00 09.06.22,1854.02,1854.97,1855.16,1854.02,8406
07:00 09.06.22,1851.19,1853.98,1854.91,1850.79,20308
08:00 09.06.22,1850.5,1851.17,1852.16,1849.35,25418
09:00 09.06.22,1850.03,1850.52,1852.52,1848.89,28390
10:00 09.06.22,1849.58,1850.07,1850.51,1847.49,22634
11:00 09.06.22,1849.08,1849.58,1850.34,1848.15,18277
12:00 09.06.22,1849.15,1849.04,1850.82,1847.9,20052
13:00 09.06.22,1846.12,1849.15,1849.88,1844.62,34201
14:00 09.06.22,1850.29,1846.12,1852.43,1843.68,53030
15:00 09.06.22,1846.59,1850.29,1851.18,1845.55,55536
16:00 09.06.22,1842.48,1846.6,1846.91,1839.83,55524
17:00 09.06.22,1845.66,1842.46,1845.74,1841.89,37708
18:00 09.06.22,1848.58,1845.68,1850.03,1844.99,28690
19:00 09.06.22,1848.63,1848.58,1850.4,1847.99,25797
20:00 09.06.22,1849.3,1848.63,1849.88,1847.63,19666
21:00 09.06.22,1846.94,1849.3,1850.04,1846.64,19443
22:00 09.06.22,1847.63,1847.02,1848.17,1846.62,7933
00:00 10.06.22,1846.48,1848.71,1848.71,1846.39,4673
01:00 10.06.22,1846.9,1846.47,1847.43,1846.18,6545
02:00 10.06.22,1847.56,1846.87,1847.62,1845.6,15488
03:00 10.06.22,1845.21,1847.53,1848.19,1844.81,21525
04:00 10.06.22,1845.91,1845.25,1846.67,1844.77,15989
05:00 10.06.22,1844.74,1845.91,1846.13,1844.41,10859
06:00 10.06.22,1843.15,1844.73,1845.97,1843.15,11000
07:00 10.06.22,1844.72,1843.15,1845.25,1843.07,19301
08:00 10.06.22,1844.32,1844.73,1845.94,1843.49,23028
09:00 10.06.22,1845.44,1844.32,1847.47,1843.69,31763
10:00 10.06.22,1844.61,1845.39,1846.87,1844.23,21326
11:00 10.06.22,1842.74,1844.64,1845.11,1842.22,23442
12:00 10.06.22,1842.65,1842.74,1843.66,1841.7,20235
13:00 10.06.22,1834.8,1842.66,1843.37,1833.49,38805
14:00 10.06.22,1838.14,1834.79,1845.69,1824.92,73827
15:00 10.06.22,1833.57,1838.13,1843.58,1828.17,73373
16:00 10.06.22,1855.76,1832.75,1859.41,1828.88,77193
17:00 10.06.22,1867.18,1855.84,1867.64,1854.99,59653
18:00 10.06.22,1871.6,1867.17,1875.84,1865.85,52459
19:00 10.06.22,1869.69,1871.6,1873.43,1869.39,33534
20:00 10.06.22,1873.36,1869.66,1875.16,1868.55,34470
21:00 10.06.22,1871.8,1873.39,1874.46,1870.89,30066
00:00 13.06.22,1876.14,1874.86,1878.99,1873.25,18953
01:00 13.06.22,1876.89,1876.13,1876.91,1874.6,14889
02:00 13.06.22,1872.54,1876.93,1877.28,1872.23,24527
03:00 13.06.22,1862.67,1872.56,1872.57,1862.33,40804
04:00 13.06.22,1863.48,1862.68,1863.81,1860.11,28596
05:00 13.06.22,1863.47,1863.49,1865.51,1862.97,18471
06:00 13.06.22,1863.3,1863.51,1863.51,1861.22,16835
07:00 13.06.22,1865.3,1863.29,1866.07,1862.7,26179
08:00 13.06.22,1861.56,1865.23,1867.05,1861.47,30383
09:00 13.06.22,1857.13,1861.54,1865.17,1855.59,40363
10:00 13.06.22,1853.2,1857.1,1858.52,1853.2,42874
11:00 13.06.22,1854.6,1853.19,1857.3,1852.54,30696
12:00 13.06.22,1857.98,1854.66,1858.58,1853.54,30396
13:00 13.06.22,1854.63,1857.99,1858.84,1853.47,31737
14:00 13.06.22,1842.79,1854.63,1857.54,1842.13,63750
15:00 13.06.22,1830.58,1842.77,1845.71,1829.07,76247
16:00 13.06.22,1827.34,1830.47,1831.2,1823.28,67004
17:00 13.06.22,1828.87,1827.41,1829.18,1824.19,46932
18:00 13.06.22,1828.72,1828.85,1833.47,1828.03,41452
19:00 13.06.22,1828.61,1828.72,1830.83,1827.8,29253
20:00 13.06.22,1825.75,1828.68,1829.44,1824.49,32942
21:00 13.06.22,1822.7,1825.76,1826.42,1819.33,51959
22:00 13.06.22,1818.82,1822.71,1823.62,1818.16,26894
00:00 14.06.22,1821.04,1819.56,1821.49,1808.83,20538
01:00 14.06.22,1820.92,1821.02,1822.57,1817.59,16966
02:00 14.06.22,1823.98,1820.89,1824.24,1819.21,25778
03:00 14.06.22,1824.29,1823.98,1825.32,1823.02,29222
04:00 14.06.22,1826.79,1824.27,1827.23,1823.59,23478
05:00 14.06.22,1825.34,1826.8,1827.93,1824.4,24651
06:00 14.06.22,1824.65,1825.35,1826.96,1823.92,18996
07:00 14.06.22,1827.84,1824.66,1828.15,1823.9,25047
08:00 14.06.22,1829.79,1827.82,1830.56,1827.03,35009
09:00 14.06.22,1827.82,1829.78,1831.51,1826.34,36818
10:00 14.06.22,1825.8,1827.81,1830.13,1824.59,34926
11:00 14.06.22,1823.92,1825.77,1825.77,1821.6,33224
12:00 14.06.22,1824.63,1823.89,1824.76,1820.03,31563
13:00 14.06.22,1817.09,1824.65,1825.27,1816,38592
14:00 14.06.22,1819.9,1817.09,1822.66,1815.99,51364
15:00 14.06.22,1816.01,1820.01,1821.96,1815.33,53511
16:00 14.06.22,1813.92,1815.93,1818.1,1812.49,53587
17:00 14.06.22,1810.3,1813.92,1815.52,1809.31,48537
18:00 14.06.22,1812.3,1810.37,1814.55,1809.41,37037
19:00 14.06.22,1811.28,1812.26,1813.39,1810.77,36428
20:00 14.06.22,1807.19,1811.28,1812.09,1807.14,36048
21:00 14.06.22,1808.34,1807.22,1810.45,1804.92,37382
22:00 14.06.22,1808.16,1808.25,1809.87,1806.66,15177
00:00 15.06.22,1808.61,1806.9,1809.31,1806.85,11932
01:00 15.06.22,1810.85,1808.62,1810.97,1807.61,13955
02:00 15.06.22,1811.32,1810.83,1811.76,1808.5,23655
03:00 15.06.22,1815.81,1811.24,1817.41,1810.47,36072
04:00 15.06.22,1817.3,1815.8,1819.32,1815.58,26273
05:00 15.06.22,1815.56,1817.31,1817.31,1813.84,18668
06:00 15.06.22,1814.42,1815.58,1816.61,1813.27,14934
07:00 15.06.22,1817.84,1814.47,1818.88,1813.11,29804
08:00 15.06.22,1820.44,1817.85,1822.7,1817.42,40671
09:00 15.06.22,1820.67,1820.44,1823.97,1818.33,40363
10:00 15.06.22,1822.17,1820.66,1822.75,1817.31,37164
11:00 15.06.22,1825.36,1822.11,1826.09,1820.41,33507
12:00 15.06.22,1825.28,1825.38,1827.52,1823.5,36369
13:00 15.06.22,1831.03,1825.28,1835.33,1824.32,47920
14:00 15.06.22,1831.54,1831.05,1836.45,1828.47,62611
15:00 15.06.22,1823.94,1831.53,1832.86,1823.5,59346
16:00 15.06.22,1819.84,1823.86,1824.74,1818.63,55118
17:00 15.06.22,1821.2,1819.87,1824.73,1819.15,40250
18:00 15.06.22,1819.69,1821.22,1823.89,1819.69,31906
19:00 15.06.22,1820.9,1819.73,1821.95,1816.29,34869
20:00 15.06.22,1830.79,1820.56,1839.99,1813.46,78303
21:00 15.06.22,1831.69,1830.95,1841.77,1830.33,66207
22:00 15.06.22,1833.53,1831.63,1835.5,1831.17,20581
00:00 16.06.22,1833.44,1833.21,1835.45,1832.63,12774
01:00 16.06.22,1833.78,1833.44,1835.2,1831.56,16805
02:00 16.06.22,1834.1,1833.77,1836.29,1832.83,23110
03:00 16.06.22,1830.86,1834.11,1834.98,1830.21,30530
04:00 16.06.22,1831.74,1830.84,1832.09,1829.69,21351
05:00 16.06.22,1832.66,1831.77,1833.54,1830.81,22006
06:00 16.06.22,1830.97,1832.69,1832.9,1829.8,16122
07:00 16.06.22,1831.3,1830.96,1833.42,1830.26,23608
08:00 16.06.22,1830.09,1831.33,1832.85,1828.19,32463
09:00 16.06.22,1830.14,1830.06,1830.6,1826.43,44023
10:00 16.06.22,1833.47,1830.15,1833.55,1828.33,45119
11:00 16.06.22,1829.98,1833.49,1835.99,1829.1,50234
12:00 16.06.22,1819.72,1830.05,1831.84,1819.4,41429
13:00 16.06.22,1819.09,1819.74,1823.16,1815.05,52864
14:00 16.06.22,1829.34,1819.2,1833.2,1819.12,54004
15:00 16.06.22,1827.99,1829.35,1832.11,1826.17,59816
16:00 16.06.22,1832.37,1827.95,1833.43,1825.2,65595
17:00 16.06.22,1845.19,1832.36,1846.78,1831.93,68995
18:00 16.06.22,1850.18,1845.19,1852.65,1844.52,53193
19:00 16.06.22,1848.17,1850.19,1850.97,1845.4,44880
20:00 16.06.22,1849.26,1848.15,1849.89,1846.9,30157
21:00 16.06.22,1852.14,1849.25,1852.58,1848.84,32685
22:00 16.06.22,1857.11,1852.23,1857.37,1852.17,22897
00:00 17.06.22,1850.61,1856.8,1856.92,1850.46,12546
01:00 17.06.22,1850.73,1850.59,1851.98,1849.83,9988
02:00 17.06.22,1846.55,1850.74,1851.43,1845.83,22674
03:00 17.06.22,1845.03,1846.53,1847.57,1844.78,29592
04:00 17.06.22,1843.75,1845.01,1846.28,1841.85,26538
05:00 17.06.22,1842.06,1843.67,1844.94,1841.53,21741
06:00 17.06.22,1845.52,1842.08,1845.59,1841.85,14922
07:00 17.06.22,1845.24,1845.53,1847.12,1845.17,19717
08:00 17.06.22,1845.01,1845.22,1847.12,1844.49,25057
09:00 17.06.22,1848.62,1844.98,1849.94,1841.87,35523
10:00 17.06.22,1850.02,1848.6,1851.07,1847.85,28244
11:00 17.06.22,1847.84,1849.92,1852.47,1847.54,23983
12:00 17.06.22,1845.13,1847.89,1848.57,1845.09,34028
13:00 17.06.22,1847.81,1845.11,1848.54,1844.47,35062
14:00 17.06.22,1851.15,1847.91,1852.89,1844.47,46409
15:00 17.06.22,1842.21,1851.23,1851.52,1841.04,56619
16:00 17.06.22,1840.32,1842.04,1843.11,1836.59,54799
17:00 17.06.22,1841.06,1840.28,1844.82,1838.35,45123
18:00 17.06.22,1839.33,1841.07,1842.3,1838.23,28173
19:00 17.06.22,1836.89,1839.32,1841.11,1836.7,28514
20:00 17.06.22,1836.66,1837.03,1839.75,1836.64,19915
21:00 17.06.22,1837.03,1836.57,1837.86,1833.8,25008
00:00 20.06.22,1838.93,1838.17,1840.21,1834.69,13811
01:00 20.06.22,1838.36,1838.93,1839.35,1837.41,10174
02:00 20.06.22,1839.74,1838.37,1840.42,1837,17483
03:00 20.06.22,1836.72,1839.74,1841.95,1836.61,29851
04:00 20.06.22,1842.29,1836.73,1843.66,1835.11,26663
05:00 20.06.22,1843.79,1842.3,1846.03,1842.28,20783
06:00 20.06.22,1843.33,1843.8,1845.02,1843.01,12688
07:00 20.06.22,1842.24,1843.29,1844.18,1841.69,16139
08:00 20.06.22,1842.66,1842.22,1844.7,1840.96,20829
09:00 20.06.22,1839.98,1842.63,1844.04,1839.32,27422
10:00 20.06.22,1839.69,1839.99,1841.03,1838.9,21973
11:00 20.06.22,1840.7,1839.66,1843.7,1839.63,22641
12:00 20.06.22,1838.96,1840.7,1841.11,1836.34,22562
13:00 20.06.22,1837.97,1838.96,1839.58,1837.33,17246
14:00 20.06.22,1839.01,1838.04,1840.52,1837.52,19589
15:00 20.06.22,1839.27,1838.92,1843.1,1838.44,27391
16:00 20.06.22,1838.27,1839.29,1839.29,1835.86,28115
17:00 20.06.22,1838.18,1838.29,1839.41,1837.02,19174
18:00 20.06.22,1835.75,1838.18,1838.37,1835.6,11439
19:00 20.06.22,1835.33,1835.76,1837.09,1835.27,3295
20:00 20.06.22,1837.7,1835.33,1837.95,1835.33,2086
00:00 21.06.22,1837.97,1835.66,1838.65,1835.59,6118
01:00 21.06.22,1839.02,1837.96,1839.04,1837.14,7851
02:00 21.06.22,1840.99,1839.02,1841.53,1838.45,17951
03:00 21.06.22,1841.38,1840.96,1842.28,1839.21,21293
04:00 21.06.22,1839.96,1841.38,1842.13,1839.69,14906
05:00 21.06.22,1840.17,1839.99,1841.13,1839.51,11558
06:00 21.06.22,1838.54,1840.13,1840.69,1837.89,10112
07:00 21.06.22,1835.18,1838.56,1839.45,1833.39,20624
08:00 21.06.22,1834.11,1835.15,1836.1,1832.48,26379
09:00 21.06.22,1838.33,1834.1,1839.29,1832.53,31475
10:00 21.06.22,1834.59,1838.23,1838.43,1834.2,29255
11:00 21.06.22,1837.22,1834.55,1838.34,1834.35,24334
12:00 21.06.22,1833.36,1837.21,1837.21,1833.34,27238
13:00 21.06.22,1833.36,1833.34,1834.88,1830.67,39852
14:00 21.06.22,1836.05,1833.47,1839.46,1832.77,50349
15:00 21.06.22,1838.53,1836.09,1839.08,1832.72,56370
16:00 21.06.22,1839.54,1838.51,1843.57,1836.53,55582
17:00 21.06.22,1839.06,1839.59,1840.74,1837.2,24412
